Workbook
Name Должность: [1]Должность!$F$1:$F$14
Name Ф.И.О.: '[1]Ф.И.О.'!$B$4:$B$63

Sheet сборка  узлов исходник Голубев
B1: ООО "ПК "Техинком-Центр"
D3: Наряд на оплату труда №
D4: сборка-сварка узлов
A5: Изделие :_____АЦ-6-40 ш. Камаз 43118 с_________начать производство продукции
B8: Продукция: ПСС 131. 18Э/22Э | D8: =A8:D32 -> 0
B9: Подразделение: высотная техника
B10: Заводской номер:
B11: Общий фонд по машине:
B12: Фактически выплаченный фонд з/п, нарастающим итогом
A15: № п /п | B15: Наименование операции | C15: Расценка (руб.) | D15: норм/час
A16: 1 | B16: Рама опорная 1 шт. | C16: 41996 | D16: 108
B17: Аутригера 4 шт. | C17: 27000 | D17: 60
B18: Элементы | C18: 36414 | D18: 90
B19: Поворотная колонна 1 шт. | C19: 20800 | D19: 52
B20: Колено 1 короб 1 шт | C20: 6400 | D20: 16
B21: Колено 2 короб 1 шт. | C21: 6400 | D21: 16
B22: Колено 3 короб 1 шт. | C22: 6400 | D22: 16
B23: Колено 4 короб 1 шт. | C23: 6400 | D23: 16
B24: Колено 1 обвязка 1 шт. | C24: 6400 | D24: 16
B25: Колено 2 обвязка 1 шт. | C25: 6400 | D25: 16
B26: Колено 3 обвязка 1шт. | C26: 6400 | D26: 16
B27: Колено 4 обвязка 1 шт. | C27: 6400 | D27: 16
B28: Перекатное 2 шт. | C28: 2856 | D28: 8
B29: Кронштейны люльки 2 шт. | C29: 8000 | D29: 20
C48: =SUM(C16:C47) -> 188266 | D48: =SUM(D16:D47) -> 466

Sheet сборка машишы исходник Голубева
B1: ООО "ПК "Техинком-Центр"
D3: Наряд на оплату труда №
D4: сборка машины
A5: Изделие :_____АЦ-6-40 ш. Камаз 43118 с_________начать производство продукции
B8: Продукция: ПСС 131. 18Э/22Э
B9: Подразделение: высотная техника
B10: Заводской номер:
B11: Общий фонд по машине:
B12: Фактически выплаченный фонд з/п, нарастающим итогом
A15: № п /п | B15: Наименование операции | C15: Расценка (руб.) | D15: норм/час
A16: 1 | B16: Доработка шасси 1 шт | C16: 8656 | D16: 24
A17: 2 | B17: маслобак (проверка,сборка,установка) | C17: 3678 | D17: 10
A18: 3 | B18: Установка рамы опорной, стойки 1 шт. | C18: 6550 | D18: 18
A19: 4 | B19: Сборка- установка аутригеров 4 шт. | C19: 11600 | D19: 32
A20: 5 | B20: Сборка пульта оператора 1 шт. | C20: 3000 | D20: 8
A21: 6 | B21: установка элементов | C21: 17964 | D21: 48
A22: 7 | B22: сборка-установка колонны, ОПУ.пульта опер. | C22: 11700 | D22: 28
A23: 8 | B23: сборка-установка стрелы | C23: 30000 | D23: 80
A24: 9 | B24: сборка-установка рабочей платформы | C24: 13500 | D24: 30
A25: 10 | B25: гидравлика | C25: 27000 | D25: 60
A26: 11 | B26: электрика | C26: 38700 | D26: 86
A27: 12 | B27: Наладка, испытания, сдача ОТК 1 маш. | C27: 32200 | D27: 66
A28: 0
C48: =SUM(C16:C47) -> 204548 | D48: =SUM(D16:D47) -> 490

Sheet январь
B1: ООО "ПК "Техинком-Центр"
A3: Наряд на оплату труда №_____ от "___" _______________20___г.
F4: Изделие : | H4: =C6 -> ПСС-131.22Э (С42А43) 58Е-ТВ Садко НЕКСТ
B6: Продукция: | C6: ПСС-131.22Э (С42А43) 58Е-ТВ Садко НЕКСТ
B7: Подразделение: высотная техника
B8: Заводской номер: | C8: №011
B9: Количество: | F9: 1 | G9: шт.
B10: Общий фонд по машине | F10: =E177 -> 558558 | G10: руб.
B11: Трудоемкость | F11: =F177 -> 1302 | G11: н/час
B12: Стоимость н/ч (руб) | F12: =E177/F177 -> 429 | G12: руб.
A14: № | B14: Наименование операции | C14: % выполнения операции на начало месяца | D14: Справочно % от суммы наряда | E14: Утвержденные расценки и н/ч | G14: Факт выполнения нарастающим итогом на 01.01.2024г. | I14: Факт выполнения за ЯНВАРЬ 2024г. | K14: Исполнитель (ФИО) | N14: Отработано на 31.01.2024г. | P14: % выполнения операции на конец месяца | Q14: Остаток на конец месяца н/ч | R14: Отклонение на конец месяца
A15: п/п | E15: расценка за операцию (руб.) | F15: нормо- час (н/ч) | G15: (руб.) | H15: (н/ч) | I15: Стоимость (руб.) | J15: факт выполнения (н/ч) | K15: з/плата (сделка) | L15: договор ГПХ | M15: подряд | N15: сумма (руб.) | O15: н/ч. | R15: % | S15: рубли
A16: 1 | B16: Сварка-сборка узлов | C16: =H16/F16 -> 0 | D16: =E16/E$177 -> 0.59600614 | E16: =SUM(E23:E92) -> 332904 | F16: =SUM(F23:F92) -> 776 | G16: =SUM(G23:G92) -> 0 | H16: =SUM(H23:H92) -> 0 | I16: =SUM(I23:I92) -> 0 | J16: =SUM(J23:J92) -> 0 | N16: =G16+SUM(I16:I22) -> 0 | O16: =H16+SUM(J16:J22) -> 0 | P16: =O16/F16 -> 0 | Q16: =F16-O16 -> 776 | R16: =1-N16/E16 -> 1 | S16: =E16-N16 -> 332904
A23: 1.1. | B23: Рама опорная 58Е-ТВ.40.00.00-02: 58Е-ТВ.40.01.00 Балка/58Е-ТВ.40.01.00-01 Балка 58Е-ТВ.40.02.00 Балка задних опор 58Е-ТВ.40.03.00-01 Опора 58Б-ТВ.40.12.00 Кронштейн 58Г-ТВ.40.00.40 Кронштейн ручного насоса 58Б-ТВ.00.10.00 Кронштейн 58Б-ТВ.40.12.00 Кронштейн 58Д-ТВ.40.02.10 Кронштейн/58Д-ТВ.40.02.10-01 Кронштейн | C23: =H23/F23 -> 0 | E23: =F23*429 -> 46332 | F23: 108 | I23: =E23/F23*J23 -> 0 | N23: =G23+SUM(I23:I29) -> 0 | O23: =H23+SUM(J23:J29) -> 0 | P23: =O23/F23 -> 0 | Q23: =F23-O23 -> 108 | R23: =1-N23/E23 -> 1 | S23: =E23-N23 -> 46332
I24: =E23/F23*J24 -> 0
I25: =E23/F23*J25 -> 0
I26: =E23/F23*J26 -> 0
I27: =E23/F23*J27 -> 0
I28: =E23/F23*J28 -> 0
I29: =E23/F23*J29 -> 0
A30: 1.2. | B30: Аутригеры 58Е-ТВ.42.00.00: 58Е-ТВ.40.06.00 Кронштейн 58Е-ТВ.40.08.00 Опора 58Е-ТВ.42.01.00 Балка передняя 58Е-ТВ.42.02.00 Балка задняя 58Е-ТВ.40.05.00 Кронштейн | C30: =H30/F30 -> 0 | E30: =F30*429 -> 41184 | F30: 96 | I30: =E30/F30*J30 -> 0 | N30: =G30+SUM(I30:I36) -> 0 | O30: =H30+SUM(J30:J36) -> 0 | P30: =O30/F30 -> 0 | Q30: =F30-O30 -> 96 | R30: =1-N30/E30 -> 1 | S30: =E30-N30 -> 41184
I31: =E30/F30*J31 -> 0
I32: =E30/F30*J32 -> 0
I33: =E30/F30*J33 -> 0
I34: =E30/F30*J34 -> 0
I35: =E30/F30*J35 -> 0
I36: =E30/F30*J36 -> 0
A37: 1.3. | B37: Элементы: /Пульт оператора 58Е-ТВ.10.20.00, /Бампер 58Е-ТВ.28.110.00 /Ящики задние 58Е-ТВ.28.10.00_58Е-ТВ.28.20.00 /площадка оператора 58Е-ТВ.10.25.00 /кронштейн сидения оператора 58Е-ТВ.28.30.10 /крылья 58Е-ТВ.01.50.00 /колпаки 58Е-ТВ.10.100.00 /стойка 58Е-ТВ.28.40.00 /маслобак 58А-ТВ.12.10.00 /кронштейн транспортного положения стрелы 58Е-ТВ.50.40.74-84 (6 поз.) /кронштейны под элементы гидравлики в поворотной колонне, раме, /Лестница 58Е-ТВ.28.70.00 (боковые ступени) | C37: =H37/F37 -> 0 | E37: =F37*429 -> 71214 | F37: 166 | I37: =E37/F37*J37 -> 0 | N37: =G37+SUM(I37:I43) -> 0 | O37: =H37+SUM(J37:J43) -> 0 | P37: =O37/F37 -> 0 | Q37: =F37-O37 -> 166 | R37: =1-N37/E37 -> 1 | S37: =E37-N37 -> 71214
I38: =E37/F37*J38 -> 0
I39: =E37/F37*J39 -> 0
I40: =E37/F37*J40 -> 0
I41: =E37/F37*J41 -> 0
I42: =E37/F37*J42 -> 0
I43: =E37/F37*J43 -> 0
A44: 1.4. | B44: Поворотная колонна 58Е-ТВ.46.01.00: 58Д-ТВ.45.10.20 Кронштейн 58Е-ТВ.46.01.10 Балка 58Е-ТВ.46.10.10 Боковина правая 58Е-ТВ.46.10.10-01 Боковина левая | C44: =H44/F44 -> 0 | D44: =E44/E$177 -> 0.052227343 | E44: =F44*429 -> 29172 | F44: 68 | I44: =E44/F44*J44 -> 0 | N44: =G44+SUM(I44:I50) -> 0 | O44: =H44+SUM(J44:J50) -> 0 | P44: =O44/F44 -> 0 | Q44: =F44-O44 -> 68 | R44: =1-N44/E44 -> 1 | S44: =E44-N44 -> 29172
I45: =E44/F44*J45 -> 0
I46: =E44/F44*J46 -> 0
I47: =E44/F44*J47 -> 0
I48: =E44/F44*J48 -> 0
I49: =E44/F44*J49 -> 0
I50: =E44/F44*J50 -> 0
A51: 1.5. | B51: Колено 1 58Е-ТВ.50.10.10 | C51: =H51/F51 -> 0 | D51: =E51/E$177 -> 0.05453149 | E51: =F51*429 -> 30459 | F51: =68+3 -> 71 | I51: =E51/F51*J51 -> 0 | N51: =G51+SUM(I51:I57) -> 0 | O51: =H51+SUM(J51:J57) -> 0 | P51: =O51/F51 -> 0 | Q51: =F51-O51 -> 71 | R51: =1-N51/E51 -> 1 | S51: =E51-N51 -> 30459
I52: =E51/F51*J52 -> 0
I53: =E51/F51*J53 -> 0
I54: =E51/F51*J54 -> 0
I55: =E51/F51*J55 -> 0
I56: =E51/F51*J56 -> 0
I57: =E51/F51*J57 -> 0
A58: 1.6. | B58: Колено 2 58Е-ТВ.50.20.20 | C58: =H58/F58 -> 0 | D58: =E58/E$177 -> 0.05453149 | E58: =F58*429 -> 30459 | F58: =68+3 -> 71 | I58: =E58/F58*J58 -> 0 | N58: =G58+SUM(I58:I64) -> 0 | O58: =H58+SUM(J58:J64) -> 0 | P58: =O58/F58 -> 0 | Q58: =F58-O58 -> 71 | R58: =1-N58/E58 -> 1 | S58: =E58-N58 -> 30459
I59: =E58/F58*J59 -> 0
I60: =E58/F58*J60 -> 0
I61: =E58/F58*J61 -> 0
I62: =E58/F58*J62 -> 0
I63: =E58/F58*J63 -> 0
I64: =E58/F58*J64 -> 0
A65: 1.7. | B65: Колено 3 58Е-ТВ.50.30.30 | C65: =H65/F65 -> 0 | D65: =E65/E$177 -> 0.05453149 | E65: =F65*429 -> 30459 | F65: =68+3 -> 71 | I65: =E65/F65*J65 -> 0 | N65: =G65+SUM(I65:I71) -> 0 | O65: =H65+SUM(J65:J71) -> 0 | P65: =O65/F65 -> 0 | Q65: =F65-O65 -> 71 | R65: =1-N65/E65 -> 1 | S65: =E65-N65 -> 30459
I66: =E65/F65*J66 -> 0
I67: =E65/F65*J67 -> 0
I68: =E65/F65*J68 -> 0
I69: =E65/F65*J69 -> 0
I70: =E65/F65*J70 -> 0
I71: =E65/F65*J71 -> 0
A72: 1.8. | B72: Колено 4 58Е-ТВ.50.40.40 | C72: =H72/F72 -> 0 | D72: =E72/E$177 -> 0.062211982 | E72: =F72*429 -> 34749 | F72: =78+3 -> 81 | I72: =E72/F72*J72 -> 0 | N72: =G72+SUM(I72:I78) -> 0 | O72: =H72+SUM(J72:J78) -> 0 | P72: =O72/F72 -> 0 | Q72: =F72-O72 -> 81 | R72: =1-N72/E72 -> 1 | S72: =E72-N72 -> 34749
I73: =E72/F72*J73 -> 0
I74: =E72/F72*J74 -> 0
I75: =E72/F72*J75 -> 0
I76: =E72/F72*J76 -> 0
I77: =E72/F72*J77 -> 0
I78: =E72/F72*J78 -> 0
A79: 1.9. | B79: Перекатное устройство (Установка перекатного устройства 58Е-ТВ.32.00.00): 58Е-ТВ.32.10.00 Желоб 58Е-ТВ.32.11.00 Желоб 58Е-ТВ.32.25.00/32.30.00/32.80.00 Кронштейны | C79: =H79/F79 -> 0 | D79: =E79/E$177 -> 0.012288786 | E79: =F79*429 -> 6864 | F79: 16 | I79: =E79/F79*J79 -> 0 | N79: =G79+SUM(I79:I85) -> 0 | O79: =H79+SUM(J79:J85) -> 0 | P79: =O79/F79 -> 0 | Q79: =F79-O79 -> 16 | R79: =1-N79/E79 -> 1 | S79: =E79-N79 -> 6864
I80: =E79/F79*J80 -> 0
I81: =E79/F79*J81 -> 0
I82: =E79/F79*J82 -> 0
I83: =E79/F79*J83 -> 0
I84: =E79/F79*J84 -> 0
I85: =E79/F79*J85 -> 0
A86: 1.10. | B86: Кронштейны люльки 2 шт. (Кронштейн навески 58Е-ТВ.25.10.10, Кронштейн поворота 58Е-ТВ.25.15.00) | C86: =H86/F86 -> 0 | D86: =E86/E$177 -> 0.021505376 | E86: =F86*429 -> 12012 | F86: 28 | I86: =E86/F86*J86 -> 0 | N86: =G86+SUM(I86:I92) -> 0 | O86: =H86+SUM(J86:J92) -> 0 | P86: =O86/F86 -> 0 | Q86: =F86-O86 -> 28 | R86: =1-N86/E86 -> 1 | S86: =E86-N86 -> 12012
I87: =E86/F86*J87 -> 0
I88: =E86/F86*J88 -> 0
I89: =E86/F86*J89 -> 0
I90: =E86/F86*J90 -> 0
I91: =E86/F86*J91 -> 0
I92: =E86/F86*J92 -> 0
A93: 2 | B93: Сборка машины | C93: =H93/F93 -> 0 | D93: =E93/E$177 -> 0.40399386 | E93: =SUM(E100:E176) -> 225654 | F93: =SUM(F100:F176) -> 526 | G93: =SUM(G100:G176) -> 0 | H93: =SUM(H100:H176) -> 0 | I93: =SUM(I100:I176) -> 0 | J93: =SUM(J100:J176) -> 0 | N93: =SUM(N100:N176) -> 0 | O93: =SUM(O100:O176) -> 0 | P93: =O93/F93 -> 0 | Q93: =F93-O93 -> 526 | R93: =1-N93/E93 -> 1 | S93: =E93-N93 -> 225654
U94: МАШИНА
A100: 2.1. | B100: Шасси подготовленное 58Е-ТВ.01.00.00 | C100: =H100/F100 -> 0 | D100: =E100/E$177 -> 0.064516129 | E100: =F100*429 -> 36036 | F100: 84 | I100: =E100/F100*J100 -> 0 | N100: =G100+SUM(I100:I106) -> 0 | O100: =H100+SUM(J100:J106) -> 0 | P100: =O100/F100 -> 0 | Q100: =F100-O100 -> 84 | R100: =1-N100/E100 -> 1 | S100: =E100-N100 -> 36036
I101: =E100/F100*J101 -> 0
I102: =E100/F100*J102 -> 0
I103: =E100/F100*J103 -> 0
I104: =E100/F100*J104 -> 0
I105: =E100/F100*J105 -> 0
I106: =E100/F100*J106 -> 0
A107: 2.2. | B107: Маслобак 58А-ТВ.12.10.00 (проверка, сборка, установка) | C107: =H107/F107 -> 0 | D107: =E107/E$177 -> 0.0076804916 | E107: =F107*429 -> 4290 | F107: 10 | I107: =E107/F107*J107 -> 0 | N107: =G107+SUM(I107:I113) -> 0 | O107: =H107+SUM(J107:J113) -> 0 | P107: =O107/F107 -> 0 | Q107: =F107-O107 -> 10 | R107: =1-N107/E107 -> 1 | S107: =E107-N107 -> 4290
I108: =E107/F107*J108 -> 0
I109: =E107/F107*J109 -> 0
I110: =E107/F107*J110 -> 0
I111: =E107/F107*J111 -> 0
I112: =E107/F107*J112 -> 0
I113: =E107/F107*J113 -> 0
A114: 2.3. | B114: Установка рамы опорной 58Е-ТВ.41.00.00 | C114: =H114/F114 -> 0 | D114: =E114/E$177 -> 0.013824885 | E114: =F114*429 -> 7722 | F114: 18 | I114: =E114/F114*J114 -> 0 | N114: =G114+SUM(I114:I120) -> 0 | O114: =H114+SUM(J114:J120) -> 0 | P114: =O114/F114 -> 0 | Q114: =F114-O114 -> 18 | R114: =1-N114/E114 -> 1 | S114: =E114-N114 -> 7722
...

Sheet февраль
B1: ООО "ПК "Техинком-Центр"
A3: Наряд на оплату труда №_____ от "___" _______________20___г.
F4: Изделие : | H4: =C6 -> ПСС-131.22Э (С42А43) 58Е-ТВ Садко НЕКСТ
B6: Продукция: | C6: =январь!C6 -> ПСС-131.22Э (С42А43) 58Е-ТВ Садко НЕКСТ
B7: Подразделение: высотная техника
B8: Заводской номер: | C8: =январь!C8 -> №011
B9: Количество: | F9: 1 | G9: шт.
B10: Общий фонд по машине | F10: =E177 -> 558558 | G10: руб.
B11: Трудоемкость | F11: =F177 -> 1302 | G11: н/час
B12: Стоимость н/ч (руб) | F12: =E177/F177 -> 429 | G12: руб.
A14: № | B14: Наименование операции | C14: % выполнения операции на начало месяца | D14: Справочно % от суммы наряда | E14: Утвержденные расценки и н/ч | G14: Факт выполнения нарастающим итогом на 01.02.2024г. | I14: Факт выполнения за ФЕВРАЛЬ 2024г. | K14: Исполнитель (ФИО) | N14: Отработано на 29.02.2024г. | P14: % выполнения операции на конец месяца | Q14: Остаток на конец месяца н/ч | R14: Отклонение на конец месяца
A15: п/п | E15: расценка за операцию (руб.) | F15: нормо-час (н/ч) | G15: (руб.) | H15: (н/ч) | I15: Стоимость (руб.) | J15: факт выполнения (н/ч) | K15: з/плата (сделка) | L15: договор ГПХ | M15: подряд | N15: сумма (руб.) | O15: н/ч. | R15: % | S15: рубли
A16: 1 | B16: Сварка-сборка узлов | C16: =H16/F16 -> 0 | D16: =E16/E$177 -> 0.59600614 | E16: =SUM(E23:E92) -> 332904 | F16: =SUM(F23:F92) -> 776 | G16: =SUM(G23:G92) -> 0 | H16: =SUM(H23:H92) -> 0 | I16: =SUM(I23:I92) -> 0 | J16: =SUM(J23:J92) -> 0 | N16: =SUM(N23:N92) -> 0 | O16: =SUM(O23:O92) -> 0 | P16: =O16/F16 -> 0 | Q16: =F16-O16 -> 776 | R16: =1-N16/E16 -> 1 | S16: =E16-N16 -> 332904
A23: 1.1. | B23: Рама опорная 58Е-ТВ.40.00.00-02: 58Е-ТВ.40.01.00 Балка/58Е-ТВ.40.01.00-01 Балка 58Е-ТВ.40.02.00 Балка задних опор 58Е-ТВ.40.03.00-01 Опора 58Б-ТВ.40.12.00 Кронштейн 58Г-ТВ.40.00.40 Кронштейн ручного насоса 58Б-ТВ.00.10.00 Кронштейн 58Б-ТВ.40.12.00 Кронштейн 58Д-ТВ.40.02.10 Кронштейн/58Д-ТВ.40.02.10-01 Кронштейн | C23: =H23/F23 -> 0 | E23: =F23*429 -> 46332 | F23: 108 | G23: =январь!N23:N29 -> 0 | H23: =январь!O23:O29 -> 0 | I23: =E23/F23*J23 -> 0 | N23: =G23+SUM(I23:I29) -> 0 | O23: =H23+SUM(J23:J29) -> 0 | P23: =O23/F23 -> 0 | Q23: =F23-O23 -> 108 | R23: =1-N23/E23 -> 1 | S23: =E23-N23 -> 46332
I24: =E23/F23*J24 -> 0
I25: =E23/F23*J25 -> 0
I26: =E23/F23*J26 -> 0
I27: =E23/F23*J27 -> 0
I28: =E23/F23*J28 -> 0
I29: =E23/F23*J29 -> 0
A30: 1.2. | B30: Аутригеры 58Е-ТВ.42.00.00: 58Е-ТВ.40.06.00 Кронштейн 58Е-ТВ.40.08.00 Опора 58Е-ТВ.42.01.00 Балка передняя 58Е-ТВ.42.02.00 Балка задняя 58Е-ТВ.40.05.00 Кронштейн | C30: =H30/F30 -> 0 | E30: =F30*429 -> 41184 | F30: 96 | G30: =январь!N30:N36 -> 0 | H30: =январь!O30:O36 -> 0 | I30: =E30/F30*J30 -> 0 | N30: =G30+SUM(I30:I36) -> 0 | O30: =H30+SUM(J30:J36) -> 0 | P30: =O30/F30 -> 0 | Q30: =F30-O30 -> 96 | R30: =1-N30/E30 -> 1 | S30: =E30-N30 -> 41184
I31: =E30/F30*J31 -> 0
I32: =E30/F30*J32 -> 0
I33: =E30/F30*J33 -> 0
I34: =E30/F30*J34 -> 0
I35: =E30/F30*J35 -> 0
I36: =E30/F30*J36 -> 0
A37: 1.3. | B37: Элементы: /Пульт оператора 58Е-ТВ.10.20.00, /Бампер 58Е-ТВ.28.110.00 /Ящики задние 58Е-ТВ.28.10.00_58Е-ТВ.28.20.00 /площадка оператора 58Е-ТВ.10.25.00 /кронштейн сидения оператора 58Е-ТВ.28.30.10 /крылья 58Е-ТВ.01.50.00 /колпаки 58Е-ТВ.10.100.00 /стойка 58Е-ТВ.28.40.00 /маслобак 58А-ТВ.12.10.00 /кронштейн транспортного положения стрелы 58Е-ТВ.50.40.74-84 (6 поз.) /кронштейны под элементы гидравлики в поворотной колонне, раме, /Лестница 58Е-ТВ.28.70.00 (боковые ступени) | C37: =H37/F37 -> 0 | E37: =F37*429 -> 71214 | F37: 166 | G37: =январь!N37:N43 -> 0 | H37: =январь!O37:O43 -> 0 | I37: =E37/F37*J37 -> 0 | N37: =G37+SUM(I37:I43) -> 0 | O37: =H37+SUM(J37:J43) -> 0 | P37: =O37/F37 -> 0 | Q37: =F37-O37 -> 166 | R37: =1-N37/E37 -> 1 | S37: =E37-N37 -> 71214
I38: =E37/F37*J38 -> 0
I39: =E37/F37*J39 -> 0
I40: =E37/F37*J40 -> 0
I41: =E37/F37*J41 -> 0
I42: =E37/F37*J42 -> 0
I43: =E37/F37*J43 -> 0
A44: 1.4. | B44: Поворотная колонна 58Е-ТВ.46.01.00: 58Д-ТВ.45.10.20 Кронштейн 58Е-ТВ.46.01.10 Балка 58Е-ТВ.46.10.10 Боковина правая 58Е-ТВ.46.10.10-01 Боковина левая | C44: =H44/F44 -> 0 | D44: =E44/E$177 -> 0.052227343 | E44: =F44*429 -> 29172 | F44: 68 | G44: =январь!N44:N50 -> 0 | H44: =январь!O44:O50 -> 0 | I44: =E44/F44*J44 -> 0 | N44: =G44+SUM(I44:I50) -> 0 | O44: =H44+SUM(J44:J50) -> 0 | P44: =O44/F44 -> 0 | Q44: =F44-O44 -> 68 | R44: =1-N44/E44 -> 1 | S44: =E44-N44 -> 29172
I45: =E44/F44*J45 -> 0
I46: =E44/F44*J46 -> 0
I47: =E44/F44*J47 -> 0
I48: =E44/F44*J48 -> 0
I49: =E44/F44*J49 -> 0
I50: =E44/F44*J50 -> 0
A51: 1.5. | B51: Колено 1 58Е-ТВ.50.10.10 | C51: =H51/F51 -> 0 | D51: =E51/E$177 -> 0.05453149 | E51: =F51*429 -> 30459 | F51: =68+3 -> 71 | G51: =январь!N51:N57 -> 0 | H51: =январь!O51:O57 -> 0 | I51: =E51/F51*J51 -> 0 | N51: =G51+SUM(I51:I57) -> 0 | O51: =H51+SUM(J51:J57) -> 0 | P51: =O51/F51 -> 0 | Q51: =F51-O51 -> 71 | R51: =1-N51/E51 -> 1 | S51: =E51-N51 -> 30459
I52: =E51/F51*J52 -> 0
I53: =E51/F51*J53 -> 0
I54: =E51/F51*J54 -> 0
I55: =E51/F51*J55 -> 0
I56: =E51/F51*J56 -> 0
I57: =E51/F51*J57 -> 0
A58: 1.6. | B58: Колено 2 58Е-ТВ.50.20.20 | C58: =H58/F58 -> 0 | D58: =E58/E$177 -> 0.05453149 | E58: =F58*429 -> 30459 | F58: =68+3 -> 71 | G58: =январь!N58:N64 -> 0 | H58: =январь!O58:O64 -> 0 | I58: =E58/F58*J58 -> 0 | N58: =G58+SUM(I58:I64) -> 0 | O58: =H58+SUM(J58:J64) -> 0 | P58: =O58/F58 -> 0 | Q58: =F58-O58 -> 71 | R58: =1-N58/E58 -> 1 | S58: =E58-N58 -> 30459
I59: =E58/F58*J59 -> 0
I60: =E58/F58*J60 -> 0
I61: =E58/F58*J61 -> 0
I62: =E58/F58*J62 -> 0
I63: =E58/F58*J63 -> 0
I64: =E58/F58*J64 -> 0
A65: 1.7. | B65: Колено 3 58Е-ТВ.50.30.30 | C65: =H65/F65 -> 0 | D65: =E65/E$177 -> 0.05453149 | E65: =F65*429 -> 30459 | F65: =68+3 -> 71 | G65: =январь!N65:N71 -> 0 | H65: =январь!O65:O71 -> 0 | I65: =E65/F65*J65 -> 0 | N65: =G65+SUM(I65:I71) -> 0 | O65: =H65+SUM(J65:J71) -> 0 | P65: =O65/F65 -> 0 | Q65: =F65-O65 -> 71 | R65: =1-N65/E65 -> 1 | S65: =E65-N65 -> 30459
I66: =E65/F65*J66 -> 0
I67: =E65/F65*J67 -> 0
I68: =E65/F65*J68 -> 0
I69: =E65/F65*J69 -> 0
I70: =E65/F65*J70 -> 0
I71: =E65/F65*J71 -> 0
A72: 1.8. | B72: Колено 4 58Е-ТВ.50.40.40 | C72: =H72/F72 -> 0 | D72: =E72/E$177 -> 0.062211982 | E72: =F72*429 -> 34749 | F72: =78+3 -> 81 | G72: =январь!N72:N78 -> 0 | H72: =январь!O72:O78 -> 0 | I72: =E72/F72*J72 -> 0 | N72: =G72+SUM(I72:I78) -> 0 | O72: =H72+SUM(J72:J78) -> 0 | P72: =O72/F72 -> 0 | Q72: =F72-O72 -> 81 | R72: =1-N72/E72 -> 1 | S72: =E72-N72 -> 34749
I73: =E72/F72*J73 -> 0
I74: =E72/F72*J74 -> 0
I75: =E72/F72*J75 -> 0
I76: =E72/F72*J76 -> 0
I77: =E72/F72*J77 -> 0
I78: =E72/F72*J78 -> 0
A79: 1.9. | B79: Перекатное устройство (Установка перекатного устройства 58Е-ТВ.32.00.00): 58Е-ТВ.32.10.00 Желоб 58Е-ТВ.32.11.00 Желоб 58Е-ТВ.32.25.00/32.30.00/32.80.00 Кронштейны | C79: =H79/F79 -> 0 | D79: =E79/E$177 -> 0.012288786 | E79: =F79*429 -> 6864 | F79: 16 | G79: =январь!N79:N85 -> 0 | H79: =январь!O79:O85 -> 0 | I79: =E79/F79*J79 -> 0 | N79: =G79+SUM(I79:I85) -> 0 | O79: =H79+SUM(J79:J85) -> 0 | P79: =O79/F79 -> 0 | Q79: =F79-O79 -> 16 | R79: =1-N79/E79 -> 1 | S79: =E79-N79 -> 6864
I80: =E79/F79*J80 -> 0
I81: =E79/F79*J81 -> 0
I82: =E79/F79*J82 -> 0
I83: =E79/F79*J83 -> 0
I84: =E79/F79*J84 -> 0
I85: =E79/F79*J85 -> 0
A86: 1.10. | B86: Кронштейны люльки 2 шт. (Кронштейн навески 58Е-ТВ.25.10.10, Кронштейн поворота 58Е-ТВ.25.15.00) | C86: =H86/F86 -> 0 | D86: =E86/E$177 -> 0.021505376 | E86: =F86*429 -> 12012 | F86: 28 | G86: =январь!N86:N92 -> 0 | H86: =январь!O86:O92 -> 0 | I86: =E86/F86*J86 -> 0 | N86: =G86+SUM(I86:I92) -> 0 | O86: =H86+SUM(J86:J92) -> 0 | P86: =O86/F86 -> 0 | Q86: =F86-O86 -> 28 | R86: =1-N86/E86 -> 1 | S86: =E86-N86 -> 12012
I87: =E86/F86*J87 -> 0
I88: =E86/F86*J88 -> 0
I89: =E86/F86*J89 -> 0
I90: =E86/F86*J90 -> 0
I91: =E86/F86*J91 -> 0
I92: =E86/F86*J92 -> 0
A93: 2 | B93: Сборка машины | C93: =H93/F93 -> 0 | D93: =E93/E$177 -> 0.40399386 | E93: =SUM(E100:E176) -> 225654 | F93: =SUM(F100:F176) -> 526 | G93: =SUM(G100:G176) -> 0 | H93: =SUM(H100:H176) -> 0 | I93: =SUM(I100:I176) -> 0 | J93: =SUM(J100:J176) -> 0 | N93: =SUM(N100:N176) -> 0 | O93: =SUM(O100:O176) -> 0 | P93: =O93/F93 -> 0 | Q93: =F93-O93 -> 526 | R93: =1-N93/E93 -> 1 | S93: =E93-N93 -> 225654
U94: МАШИНА
A100: 2.1. | B100: Шасси подготовленное 58Е-ТВ.01.00.00 | C100: =H100/F100 -> 0 | D100: =E100/E$177 -> 0.064516129 | E100: =F100*429 -> 36036 | F100: 84 | G100: =январь!N100:N106 -> 0 | H100: =январь!O100:O106 -> 0 | I100: =E100/F100*J100 -> 0 | N100: =G100+SUM(I100:I106) -> 0 | O100: =H100+SUM(J100:J106) -> 0 | P100: =O100/F100 -> 0 | Q100: =F100-O100 -> 84 | R100: =1-N100/E100 -> 1 | S100: =E100-N100 -> 36036
I101: =E100/F100*J101 -> 0
I102: =E100/F100*J102 -> 0
I103: =E100/F100*J103 -> 0
I104: =E100/F100*J104 -> 0
I105: =E100/F100*J105 -> 0
I106: =E100/F100*J106 -> 0
A107: 2.2. | B107: Маслобак 58А-ТВ.12.10.00 (проверка, сборка, установка) | C107: =H107/F107 -> 0 | D107: =E107/E$177 -> 0.0076804916 | E107: =F107*429 -> 4290 | F107: 10 | G107: =январь!N107:N113 -> 0 | H107: =январь!O107:O113 -> 0 | I107: =E107/F107*J107 -> 0 | N107: =G107+SUM(I107:I113) -> 0 | O107: =H107+SUM(J107:J113) -> 0 | P107: =O107/F107 -> 0 | Q107: =F107-O107 -> 10 | R107: =1-N107/E107 -> 1 | S107: =E107-N107 -> 4290
I108: =E107/F107*J108 -> 0
I109: =E107/F107*J109 -> 0
I110: =E107/F107*J110 -> 0
I111: =E107/F107*J111 -> 0
I112: =E107/F107*J112 -> 0
I113: =E107/F107*J113 -> 0
A114: 2.3. | B114: Установка рамы опорной 58Е-ТВ.41.00.00 | C114: =H114/F114 -> 0 | D114: =E114/E$177 -> 0.013824885 | E114: =F114*429 -> 7722 | F114: 18 | G114: =январь!N114:N120 -> 0 | H114: =январь!O114:O120 -> 0 | I114: =E114/F114*J114 -> 0 | N114: =G114+SUM(I114:I120) -> 0 | O114: =H114+SUM(J114:J120) -> 0 | P114: =O114/F114 -> 0 | Q114: =F114-O114 -> 18 | R114: =1-N114/E114 -> 1 | S114: =E114-N114 -> 7722
...

Sheet март
B1: ООО "ПК "Техинком-Центр"
A3: Наряд на оплату труда №_____ от "___" _______________20___г.
F4: Изделие : | H4: =C6 -> ПСС-131.22Э (С42А43) 58Е-ТВ Садко НЕКСТ
B6: Продукция: | C6: =февраль!C6 -> ПСС-131.22Э (С42А43) 58Е-ТВ Садко НЕКСТ
B7: Подразделение: высотная техника
B8: Заводской номер: | C8: =февраль!C8 -> №011
B9: Количество: | F9: 1 | G9: шт.
B10: Общий фонд по машине | F10: =E177 -> 558558 | G10: руб.
B11: Трудоемкость | F11: =F177 -> 1302 | G11: н/час
B12: Стоимость н/ч (руб) | F12: =E177/F177 -> 429 | G12: руб.
A14: № | B14: Наименование операции | C14: % выполнения операции на начало месяца | D14: Справочно % от суммы наряда | E14: Утвержденные расценки и н/ч | G14: Факт выполнения нарастающим итогом на 01.03.2024 | I14: Факт выполнения за МАРТ 2024 | K14: Исполнитель (ФИО) | N14: Отработано на 31.03.2024 | P14: % выполнения операции на конец месяца | Q14: Остаток на конец месяца н/ч | R14: Отклонение на конец месяца
A15: п/п | E15: расценка за операцию (руб.) | F15: нормо-час (н/ч) | G15: (руб.) | H15: (н/ч) | I15: Стоимость (руб.) | J15: факт выполнения (н/ч) | K15: з/плата (сделка) | L15: договор ГПХ | M15: подряд | N15: сумма (руб.) | O15: н/ч. | R15: % | S15: рубли
A16: 1 | B16: Сварка-сборка узлов | C16: =H16/F16 -> 0 | D16: =E16/E$177 -> 0.59600614 | E16: =SUM(E23:E92) -> 332904 | F16: =SUM(F23:F92) -> 776 | G16: =SUM(G23:G92) -> 0 | H16: =SUM(H23:H92) -> 0 | I16: =SUM(I23:I92) -> 0 | J16: =SUM(J23:J92) -> 0 | N16: =SUM(N23:N92) -> 0 | O16: =SUM(O23:O92) -> 0 | P16: =O16/F16 -> 0 | Q16: =F16-O16 -> 776 | R16: =1-N16/E16 -> 1 | S16: =E16-N16 -> 332904
A23: 1.1. | B23: Рама опорная 58Е-ТВ.40.00.00-02: 58Е-ТВ.40.01.00 Балка/58Е-ТВ.40.01.00-01 Балка 58Е-ТВ.40.02.00 Балка задних опор 58Е-ТВ.40.03.00-01 Опора 58Б-ТВ.40.12.00 Кронштейн 58Г-ТВ.40.00.40 Кронштейн ручного насоса 58Б-ТВ.00.10.00 Кронштейн 58Б-ТВ.40.12.00 Кронштейн 58Д-ТВ.40.02.10 Кронштейн/58Д-ТВ.40.02.10-01 Кронштейн | C23: =H23/F23 -> 0 | E23: =F23*429 -> 46332 | F23: 108 | G23: =февраль!N23:N29 -> 0 | H23: =февраль!O23:O29 -> 0 | I23: =E23/F23*J23 -> 0 | N23: =G23+SUM(I23:I29) -> 0 | O23: =H23+SUM(J23:J29) -> 0 | P23: =O23/F23 -> 0 | Q23: =F23-O23 -> 108 | R23: =1-N23/E23 -> 1 | S23: =E23-N23 -> 46332
I24: =E23/F23*J24 -> 0
I25: =E23/F23*J25 -> 0
I26: =E23/F23*J26 -> 0
I27: =E23/F23*J27 -> 0
I28: =E23/F23*J28 -> 0
I29: =E23/F23*J29 -> 0
A30: 1.2. | B30: Аутригеры 58Е-ТВ.42.00.00: 58Е-ТВ.40.06.00 Кронштейн 58Е-ТВ.40.08.00 Опора 58Е-ТВ.42.01.00 Балка передняя 58Е-ТВ.42.02.00 Балка задняя 58Е-ТВ.40.05.00 Кронштейн | C30: =H30/F30 -> 0 | E30: =F30*429 -> 41184 | F30: 96 | G30: =февраль!N30:N36 -> 0 | H30: =февраль!O30:O36 -> 0 | I30: =E30/F30*J30 -> 0 | N30: =G30+SUM(I30:I36) -> 0 | O30: =H30+SUM(J30:J36) -> 0 | P30: =O30/F30 -> 0 | Q30: =F30-O30 -> 96 | R30: =1-N30/E30 -> 1 | S30: =E30-N30 -> 41184
I31: =E30/F30*J31 -> 0
I32: =E30/F30*J32 -> 0
I33: =E30/F30*J33 -> 0
I34: =E30/F30*J34 -> 0
I35: =E30/F30*J35 -> 0
I36: =E30/F30*J36 -> 0
A37: 1.3. | B37: Элементы: /Пульт оператора 58Е-ТВ.10.20.00, /Бампер 58Е-ТВ.28.110.00 /Ящики задние 58Е-ТВ.28.10.00_58Е-ТВ.28.20.00 /площадка оператора 58Е-ТВ.10.25.00 /кронштейн сидения оператора 58Е-ТВ.28.30.10 /крылья 58Е-ТВ.01.50.00 /колпаки 58Е-ТВ.10.100.00 /стойка 58Е-ТВ.28.40.00 /маслобак 58А-ТВ.12.10.00 /кронштейн транспортного положения стрелы 58Е-ТВ.50.40.74-84 (6 поз.) /кронштейны под элементы гидравлики в поворотной колонне, раме, /Лестница 58Е-ТВ.28.70.00 (боковые ступени) | C37: =H37/F37 -> 0 | E37: =F37*429 -> 71214 | F37: 166 | G37: =февраль!N37:N43 -> 0 | H37: =февраль!O37:O43 -> 0 | I37: =E37/F37*J37 -> 0 | N37: =G37+SUM(I37:I43) -> 0 | O37: =H37+SUM(J37:J43) -> 0 | P37: =O37/F37 -> 0 | Q37: =F37-O37 -> 166 | R37: =1-N37/E37 -> 1 | S37: =E37-N37 -> 71214
I38: =E37/F37*J38 -> 0
I39: =E37/F37*J39 -> 0
I40: =E37/F37*J40 -> 0
I41: =E37/F37*J41 -> 0
I42: =E37/F37*J42 -> 0
I43: =E37/F37*J43 -> 0
A44: 1.4. | B44: Поворотная колонна 58Е-ТВ.46.01.00: 58Д-ТВ.45.10.20 Кронштейн 58Е-ТВ.46.01.10 Балка 58Е-ТВ.46.10.10 Боковина правая 58Е-ТВ.46.10.10-01 Боковина левая | C44: =H44/F44 -> 0 | D44: =E44/E$177 -> 0.052227343 | E44: =F44*429 -> 29172 | F44: 68 | G44: =февраль!N44:N50 -> 0 | H44: =февраль!O44:O50 -> 0 | I44: =E44/F44*J44 -> 0 | N44: =G44+SUM(I44:I50) -> 0 | O44: =H44+SUM(J44:J50) -> 0 | P44: =O44/F44 -> 0 | Q44: =F44-O44 -> 68 | R44: =1-N44/E44 -> 1 | S44: =E44-N44 -> 29172
I45: =E44/F44*J45 -> 0
I46: =E44/F44*J46 -> 0
I47: =E44/F44*J47 -> 0
I48: =E44/F44*J48 -> 0
I49: =E44/F44*J49 -> 0
I50: =E44/F44*J50 -> 0
A51: 1.5. | B51: Колено 1 58Е-ТВ.50.10.10 | C51: =H51/F51 -> 0 | D51: =E51/E$177 -> 0.05453149 | E51: =F51*429 -> 30459 | F51: =68+3 -> 71 | G51: =февраль!N51:N57 -> 0 | H51: =февраль!O51:O57 -> 0 | I51: =E51/F51*J51 -> 0 | N51: =G51+SUM(I51:I57) -> 0 | O51: =H51+SUM(J51:J57) -> 0 | P51: =O51/F51 -> 0 | Q51: =F51-O51 -> 71 | R51: =1-N51/E51 -> 1 | S51: =E51-N51 -> 30459
I52: =E51/F51*J52 -> 0
I53: =E51/F51*J53 -> 0
I54: =E51/F51*J54 -> 0
I55: =E51/F51*J55 -> 0
I56: =E51/F51*J56 -> 0
I57: =E51/F51*J57 -> 0
A58: 1.6. | B58: Колено 2 58Е-ТВ.50.20.20 | C58: =H58/F58 -> 0 | D58: =E58/E$177 -> 0.05453149 | E58: =F58*429 -> 30459 | F58: =68+3 -> 71 | G58: =февраль!N58:N64 -> 0 | H58: =февраль!O58:O64 -> 0 | I58: =E58/F58*J58 -> 0 | N58: =G58+SUM(I58:I64) -> 0 | O58: =H58+SUM(J58:J64) -> 0 | P58: =O58/F58 -> 0 | Q58: =F58-O58 -> 71 | R58: =1-N58/E58 -> 1 | S58: =E58-N58 -> 30459
I59: =E58/F58*J59 -> 0
I60: =E58/F58*J60 -> 0
I61: =E58/F58*J61 -> 0
I62: =E58/F58*J62 -> 0
I63: =E58/F58*J63 -> 0
I64: =E58/F58*J64 -> 0
A65: 1.7. | B65: Колено 3 58Е-ТВ.50.30.30 | C65: =H65/F65 -> 0 | D65: =E65/E$177 -> 0.05453149 | E65: =F65*429 -> 30459 | F65: =68+3 -> 71 | G65: =февраль!N65:N71 -> 0 | H65: =февраль!O65:O71 -> 0 | I65: =E65/F65*J65 -> 0 | N65: =G65+SUM(I65:I71) -> 0 | O65: =H65+SUM(J65:J71) -> 0 | P65: =O65/F65 -> 0 | Q65: =F65-O65 -> 71 | R65: =1-N65/E65 -> 1 | S65: =E65-N65 -> 30459
I66: =E65/F65*J66 -> 0
I67: =E65/F65*J67 -> 0
I68: =E65/F65*J68 -> 0
I69: =E65/F65*J69 -> 0
I70: =E65/F65*J70 -> 0
I71: =E65/F65*J71 -> 0
A72: 1.8. | B72: Колено 4 58Е-ТВ.50.40.40 | C72: =H72/F72 -> 0 | D72: =E72/E$177 -> 0.062211982 | E72: =F72*429 -> 34749 | F72: =78+3 -> 81 | G72: =февраль!N72:N78 -> 0 | H72: =февраль!O72:O78 -> 0 | I72: =E72/F72*J72 -> 0 | N72: =G72+SUM(I72:I78) -> 0 | O72: =H72+SUM(J72:J78) -> 0 | P72: =O72/F72 -> 0 | Q72: =F72-O72 -> 81 | R72: =1-N72/E72 -> 1 | S72: =E72-N72 -> 34749
I73: =E72/F72*J73 -> 0
I74: =E72/F72*J74 -> 0
I75: =E72/F72*J75 -> 0
I76: =E72/F72*J76 -> 0
I77: =E72/F72*J77 -> 0
I78: =E72/F72*J78 -> 0
A79: 1.9. | B79: Перекатное устройство (Установка перекатного устройства 58Е-ТВ.32.00.00): 58Е-ТВ.32.10.00 Желоб 58Е-ТВ.32.11.00 Желоб 58Е-ТВ.32.25.00/32.30.00/32.80.00 Кронштейны | C79: =H79/F79 -> 0 | D79: =E79/E$177 -> 0.012288786 | E79: =F79*429 -> 6864 | F79: 16 | G79: =февраль!N79:N85 -> 0 | H79: =февраль!O79:O85 -> 0 | I79: =E79/F79*J79 -> 0 | N79: =G79+SUM(I79:I85) -> 0 | O79: =H79+SUM(J79:J85) -> 0 | P79: =O79/F79 -> 0 | Q79: =F79-O79 -> 16 | R79: =1-N79/E79 -> 1 | S79: =E79-N79 -> 6864
I80: =E79/F79*J80 -> 0
I81: =E79/F79*J81 -> 0
I82: =E79/F79*J82 -> 0
I83: =E79/F79*J83 -> 0
I84: =E79/F79*J84 -> 0
I85: =E79/F79*J85 -> 0
A86: 1.10. | B86: Кронштейны люльки 2 шт. (Кронштейн навески 58Е-ТВ.25.10.10, Кронштейн поворота 58Е-ТВ.25.15.00) | C86: =H86/F86 -> 0 | D86: =E86/E$177 -> 0.021505376 | E86: =F86*429 -> 12012 | F86: 28 | G86: =февраль!N86:N92 -> 0 | H86: =февраль!O86:O92 -> 0 | I86: =E86/F86*J86 -> 0 | N86: =G86+SUM(I86:I92) -> 0 | O86: =H86+SUM(J86:J92) -> 0 | P86: =O86/F86 -> 0 | Q86: =F86-O86 -> 28 | R86: =1-N86/E86 -> 1 | S86: =E86-N86 -> 12012
I87: =E86/F86*J87 -> 0
I88: =E86/F86*J88 -> 0
I89: =E86/F86*J89 -> 0
I90: =E86/F86*J90 -> 0
I91: =E86/F86*J91 -> 0
I92: =E86/F86*J92 -> 0
A93: 2 | B93: Сборка машины | C93: =H93/F93 -> 0 | D93: =E93/E$177 -> 0.40399386 | E93: =SUM(E100:E176) -> 225654 | F93: =SUM(F100:F176) -> 526 | G93: =SUM(G100:G176) -> 0 | H93: =SUM(H100:H176) -> 0 | I93: =SUM(I100:I176) -> 0 | J93: =SUM(J100:J176) -> 0 | N93: =SUM(N100:N176) -> 0 | O93: =SUM(O100:O176) -> 0 | P93: =O93/F93 -> 0 | Q93: =F93-O93 -> 526 | R93: =1-N93/E93 -> 1 | S93: =E93-N93 -> 225654
U94: МАШИНА
A100: 2.1. | B100: Шасси подготовленное 58Е-ТВ.01.00.00 | C100: =H100/F100 -> 0 | D100: =E100/E$177 -> 0.064516129 | E100: =F100*429 -> 36036 | F100: 84 | G100: =февраль!N100:N106 -> 0 | H100: =февраль!O100:O106 -> 0 | I100: =E100/F100*J100 -> 0 | N100: =G100+SUM(I100:I106) -> 0 | O100: =H100+SUM(J100:J106) -> 0 | P100: =O100/F100 -> 0 | Q100: =F100-O100 -> 84 | R100: =1-N100/E100 -> 1 | S100: =E100-N100 -> 36036
I101: =E100/F100*J101 -> 0
I102: =E100/F100*J102 -> 0
I103: =E100/F100*J103 -> 0
I104: =E100/F100*J104 -> 0
I105: =E100/F100*J105 -> 0
I106: =E100/F100*J106 -> 0
A107: 2.2. | B107: Маслобак 58А-ТВ.12.10.00 (проверка, сборка, установка) | C107: =H107/F107 -> 0 | D107: =E107/E$177 -> 0.0076804916 | E107: =F107*429 -> 4290 | F107: 10 | G107: =февраль!N107:N113 -> 0 | H107: =февраль!O107:O113 -> 0 | I107: =E107/F107*J107 -> 0 | N107: =G107+SUM(I107:I113) -> 0 | O107: =H107+SUM(J107:J113) -> 0 | P107: =O107/F107 -> 0 | Q107: =F107-O107 -> 10 | R107: =1-N107/E107 -> 1 | S107: =E107-N107 -> 4290
I108: =E107/F107*J108 -> 0
I109: =E107/F107*J109 -> 0
I110: =E107/F107*J110 -> 0
I111: =E107/F107*J111 -> 0
I112: =E107/F107*J112 -> 0
I113: =E107/F107*J113 -> 0
A114: 2.3. | B114: Установка рамы опорной 58Е-ТВ.41.00.00 | C114: =H114/F114 -> 0 | D114: =E114/E$177 -> 0.013824885 | E114: =F114*429 -> 7722 | F114: 18 | G114: =февраль!N114:N120 -> 0 | H114: =февраль!O114:O120 -> 0 | I114: =E114/F114*J114 -> 0 | N114: =G114+SUM(I114:I120) -> 0 | O114: =H114+SUM(J114:J120) -> 0 | P114: =O114/F114 -> 0 | Q114: =F114-O114 -> 18 | R114: =1-N114/E114 -> 1 | S114: =E114-N114 -> 7722
...

Sheet апрель
B1: ООО "ПК "Техинком-Центр"
A3: Наряд на оплату труда №_____ от "___" августа 2023 г.
F4: Изделие : | H4: =C6 -> ПСС-131.22Э (С42А43) 58Е-ТВ Садко НЕКСТ
B6: Продукция: | C6: =март!C6 -> ПСС-131.22Э (С42А43) 58Е-ТВ Садко НЕКСТ
B7: Подразделение: высотная техника
B8: Заводской номер: | C8: =март!C8 -> №011
B9: Количество: | F9: 1 | G9: шт.
B10: Общий фонд по машине | F10: =E177 -> 558558 | G10: руб.
B11: Трудоемкость | F11: =F177 -> 1302 | G11: н/час
B12: Стоимость н/ч (руб) | F12: =E177/F177 -> 429 | G12: руб.
A14: № | B14: Наименование операции | C14: % выполнения операции на начало месяца | D14: Справочно % от суммы наряда | E14: Утвержденные расценки и н/ч | G14: Факт выполнения нарастающим итогом на 01.04.2024г. | I14: Факт выполнения за АПРЕЛЬ 2024г. | K14: Исполнитель (ФИО) | N14: Отработано на 30.04.2024г. | P14: % выполнения операции на конец месяца | Q14: Остаток на конец месяца н/ч | R14: Отклонение на конец месяца
A15: п/п | E15: расценка за операцию (руб.) | F15: нормо-час (н/ч) | G15: (руб.) | H15: (н/ч) | I15: Стоимость (руб.) | J15: факт выполнения (н/ч) | K15: з/плата (сделка) | L15: договор ГПХ | M15: подряд | N15: сумма (руб.) | O15: н/ч. | R15: % | S15: рубли
A16: 1 | B16: Сварка-сборка узлов | C16: =H16/F16 -> 0 | D16: =E16/E$177 -> 0.59600614 | E16: =SUM(E23:E92) -> 332904 | F16: =SUM(F23:F92) -> 776 | G16: =SUM(G23:G92) -> 0 | H16: =SUM(H23:H92) -> 0 | I16: =SUM(I23:I92) -> 0 | J16: =SUM(J23:J92) -> 0 | N16: =SUM(N23:N92) -> 0 | O16: =SUM(O23:O92) -> 0 | P16: =O16/F16 -> 0 | Q16: =F16-O16 -> 776 | R16: =1-N16/E16 -> 1 | S16: =E16-N16 -> 332904
A23: 1.1. | B23: Рама опорная 58Е-ТВ.40.00.00-02: 58Е-ТВ.40.01.00 Балка/58Е-ТВ.40.01.00-01 Балка 58Е-ТВ.40.02.00 Балка задних опор 58Е-ТВ.40.03.00-01 Опора 58Б-ТВ.40.12.00 Кронштейн 58Г-ТВ.40.00.40 Кронштейн ручного насоса 58Б-ТВ.00.10.00 Кронштейн 58Б-ТВ.40.12.00 Кронштейн 58Д-ТВ.40.02.10 Кронштейн/58Д-ТВ.40.02.10-01 Кронштейн | C23: =H23/F23 -> 0 | E23: =F23*429 -> 46332 | F23: 108 | G23: =март!N23 -> 0 | H23: =март!O23 -> 0 | I23: =E23/F23*J23 -> 0 | N23: =G23+SUM(I23:I29) -> 0 | O23: =H23+SUM(J23:J29) -> 0 | P23: =O23/F23 -> 0 | Q23: =F23-O23 -> 108 | R23: =1-N23/E23 -> 1 | S23: =E23-N23 -> 46332
I24: =E23/F23*J24 -> 0
I25: =E23/F23*J25 -> 0
I26: =E23/F23*J26 -> 0
I27: =E23/F23*J27 -> 0
I28: =E23/F23*J28 -> 0
I29: =E23/F23*J29 -> 0
A30: 1.2. | B30: Аутригеры 58Е-ТВ.42.00.00: 58Е-ТВ.40.06.00 Кронштейн 58Е-ТВ.40.08.00 Опора 58Е-ТВ.42.01.00 Балка передняя 58Е-ТВ.42.02.00 Балка задняя 58Е-ТВ.40.05.00 Кронштейн | C30: =H30/F30 -> 0 | E30: =F30*429 -> 41184 | F30: 96 | G30: =март!N30 -> 0 | H30: =март!O30 -> 0 | I30: =E30/F30*J30 -> 0 | N30: =G30+SUM(I30:I36) -> 0 | O30: =H30+SUM(J30:J36) -> 0 | P30: =O30/F30 -> 0 | Q30: =F30-O30 -> 96 | R30: =1-N30/E30 -> 1 | S30: =E30-N30 -> 41184
I31: =E30/F30*J31 -> 0
I32: =E30/F30*J32 -> 0
I33: =E30/F30*J33 -> 0
I34: =E30/F30*J34 -> 0
I35: =E30/F30*J35 -> 0
I36: =E30/F30*J36 -> 0
A37: 1.3. | B37: Элементы: /Пульт оператора 58Е-ТВ.10.20.00, /Бампер 58Е-ТВ.28.110.00 /Ящики задние 58Е-ТВ.28.10.00_58Е-ТВ.28.20.00 /площадка оператора 58Е-ТВ.10.25.00 /кронштейн сидения оператора 58Е-ТВ.28.30.10 /крылья 58Е-ТВ.01.50.00 /колпаки 58Е-ТВ.10.100.00 /стойка 58Е-ТВ.28.40.00 /маслобак 58А-ТВ.12.10.00 /кронштейн транспортного положения стрелы 58Е-ТВ.50.40.74-84 (6 поз.) /кронштейны под элементы гидравлики в поворотной колонне, раме, /Лестница 58Е-ТВ.28.70.00 (боковые ступени) | C37: =H37/F37 -> 0 | E37: =F37*429 -> 71214 | F37: 166 | G37: =март!N37 -> 0 | H37: =март!O37 -> 0 | I37: =E37/F37*J37 -> 0 | N37: =G37+SUM(I37:I43) -> 0 | O37: =H37+SUM(J37:J43) -> 0 | P37: =O37/F37 -> 0 | Q37: =F37-O37 -> 166 | R37: =1-N37/E37 -> 1 | S37: =E37-N37 -> 71214
I38: =E37/F37*J38 -> 0
I39: =E37/F37*J39 -> 0
I40: =E37/F37*J40 -> 0
I41: =E37/F37*J41 -> 0
I42: =E37/F37*J42 -> 0
I43: =E37/F37*J43 -> 0
A44: 1.4. | B44: Поворотная колонна 58Е-ТВ.46.01.00: 58Д-ТВ.45.10.20 Кронштейн 58Е-ТВ.46.01.10 Балка 58Е-ТВ.46.10.10 Боковина правая 58Е-ТВ.46.10.10-01 Боковина левая | C44: =H44/F44 -> 0 | D44: =E44/E$177 -> 0.052227343 | E44: =F44*429 -> 29172 | F44: 68 | G44: =март!N44 -> 0 | H44: =март!O44 -> 0 | I44: =E44/F44*J44 -> 0 | N44: =G44+SUM(I44:I50) -> 0 | O44: =H44+SUM(J44:J50) -> 0 | P44: =O44/F44 -> 0 | Q44: =F44-O44 -> 68 | R44: =1-N44/E44 -> 1 | S44: =E44-N44 -> 29172
I45: =E44/F44*J45 -> 0
I46: =E44/F44*J46 -> 0
I47: =E44/F44*J47 -> 0
I48: =E44/F44*J48 -> 0
I49: =E44/F44*J49 -> 0
I50: =E44/F44*J50 -> 0
A51: 1.5. | B51: Колено 1 58Е-ТВ.50.10.10 | C51: =H51/F51 -> 0 | D51: =E51/E$177 -> 0.05453149 | E51: =F51*429 -> 30459 | F51: =68+3 -> 71 | G51: =март!N51 -> 0 | H51: =март!O51 -> 0 | I51: =E51/F51*J51 -> 0 | N51: =G51+SUM(I51:I57) -> 0 | O51: =H51+SUM(J51:J57) -> 0 | P51: =O51/F51 -> 0 | Q51: =F51-O51 -> 71 | R51: =1-N51/E51 -> 1 | S51: =E51-N51 -> 30459
I52: =E51/F51*J52 -> 0
I53: =E51/F51*J53 -> 0
I54: =E51/F51*J54 -> 0
I55: =E51/F51*J55 -> 0
I56: =E51/F51*J56 -> 0
I57: =E51/F51*J57 -> 0
A58: 1.6. | B58: Колено 2 58Е-ТВ.50.20.20 | C58: =H58/F58 -> 0 | D58: =E58/E$177 -> 0.05453149 | E58: =F58*429 -> 30459 | F58: =68+3 -> 71 | G58: =март!N58 -> 0 | H58: =март!O58 -> 0 | I58: =E58/F58*J58 -> 0 | N58: =G58+SUM(I58:I64) -> 0 | O58: =H58+SUM(J58:J64) -> 0 | P58: =O58/F58 -> 0 | Q58: =F58-O58 -> 71 | R58: =1-N58/E58 -> 1 | S58: =E58-N58 -> 30459
I59: =E58/F58*J59 -> 0
I60: =E58/F58*J60 -> 0
I61: =E58/F58*J61 -> 0
I62: =E58/F58*J62 -> 0
I63: =E58/F58*J63 -> 0
I64: =E58/F58*J64 -> 0
A65: 1.7. | B65: Колено 3 58Е-ТВ.50.30.30 | C65: =H65/F65 -> 0 | D65: =E65/E$177 -> 0.05453149 | E65: =F65*429 -> 30459 | F65: =68+3 -> 71 | G65: =март!N65 -> 0 | H65: =март!O65 -> 0 | I65: =E65/F65*J65 -> 0 | N65: =G65+SUM(I65:I71) -> 0 | O65: =H65+SUM(J65:J71) -> 0 | P65: =O65/F65 -> 0 | Q65: =F65-O65 -> 71 | R65: =1-N65/E65 -> 1 | S65: =E65-N65 -> 30459
I66: =E65/F65*J66 -> 0
I67: =E65/F65*J67 -> 0
I68: =E65/F65*J68 -> 0
I69: =E65/F65*J69 -> 0
I70: =E65/F65*J70 -> 0
I71: =E65/F65*J71 -> 0
A72: 1.8. | B72: Колено 4 58Е-ТВ.50.40.40 | C72: =H72/F72 -> 0 | D72: =E72/E$177 -> 0.062211982 | E72: =F72*429 -> 34749 | F72: =78+3 -> 81 | G72: =март!N72 -> 0 | H72: =март!O72 -> 0 | I72: =E72/F72*J72 -> 0 | N72: =G72+SUM(I72:I78) -> 0 | O72: =H72+SUM(J72:J78) -> 0 | P72: =O72/F72 -> 0 | Q72: =F72-O72 -> 81 | R72: =1-N72/E72 -> 1 | S72: =E72-N72 -> 34749
I73: =E72/F72*J73 -> 0
I74: =E72/F72*J74 -> 0
I75: =E72/F72*J75 -> 0
I76: =E72/F72*J76 -> 0
I77: =E72/F72*J77 -> 0
I78: =E72/F72*J78 -> 0
A79: 1.9. | B79: Перекатное устройство (Установка перекатного устройства 58Е-ТВ.32.00.00): 58Е-ТВ.32.10.00 Желоб 58Е-ТВ.32.11.00 Желоб 58Е-ТВ.32.25.00/32.30.00/32.80.00 Кронштейны | C79: =H79/F79 -> 0 | D79: =E79/E$177 -> 0.012288786 | E79: =F79*429 -> 6864 | F79: 16 | G79: =март!N79 -> 0 | H79: =март!O79 -> 0 | I79: =E79/F79*J79 -> 0 | N79: =G79+SUM(I79:I85) -> 0 | O79: =H79+SUM(J79:J85) -> 0 | P79: =O79/F79 -> 0 | Q79: =F79-O79 -> 16 | R79: =1-N79/E79 -> 1 | S79: =E79-N79 -> 6864
I80: =E79/F79*J80 -> 0
I81: =E79/F79*J81 -> 0
I82: =E79/F79*J82 -> 0
I83: =E79/F79*J83 -> 0
I84: =E79/F79*J84 -> 0
I85: =E79/F79*J85 -> 0
A86: 1.10. | B86: Кронштейны люльки 2 шт. (Кронштейн навески 58Е-ТВ.25.10.10, Кронштейн поворота 58Е-ТВ.25.15.00) | C86: =H86/F86 -> 0 | D86: =E86/E$177 -> 0.021505376 | E86: =F86*429 -> 12012 | F86: 28 | G86: =март!N86 -> 0 | H86: =март!O86 -> 0 | I86: =E86/F86*J86 -> 0 | N86: =G86+SUM(I86:I92) -> 0 | O86: =H86+SUM(J86:J92) -> 0 | P86: =O86/F86 -> 0 | Q86: =F86-O86 -> 28 | R86: =1-N86/E86 -> 1 | S86: =E86-N86 -> 12012
I87: =E86/F86*J87 -> 0
I88: =E86/F86*J88 -> 0
I89: =E86/F86*J89 -> 0
I90: =E86/F86*J90 -> 0
I91: =E86/F86*J91 -> 0
I92: =E86/F86*J92 -> 0
A93: 2 | B93: Сборка машины | C93: =H93/F93 -> 0 | D93: =E93/E$177 -> 0.40399386 | E93: =SUM(E100:E176) -> 225654 | F93: =SUM(F100:F176) -> 526 | G93: =SUM(G100:G176) -> 0 | H93: =SUM(H100:H176) -> 0 | I93: =SUM(I100:I176) -> 0 | J93: =SUM(J100:J176) -> 0 | N93: =SUM(N100:N176) -> 0 | O93: =SUM(O100:O176) -> 0 | P93: =O93/F93 -> 0 | Q93: =F93-O93 -> 526 | R93: =1-N93/E93 -> 1 | S93: =E93-N93 -> 225654
U94: МАШИНА
A100: 2.1. | B100: Шасси подготовленное 58Е-ТВ.01.00.00 | C100: =H100/F100 -> 0 | D100: =E100/E$177 -> 0.064516129 | E100: =F100*429 -> 36036 | F100: 84 | G100: =март!N100:N106 -> 0 | H100: =март!O100:O106 -> 0 | I100: =E100/F100*J100 -> 0 | N100: =G100+SUM(I100:I106) -> 0 | O100: =H100+SUM(J100:J106) -> 0 | P100: =O100/F100 -> 0 | Q100: =F100-O100 -> 84 | R100: =1-N100/E100 -> 1 | S100: =E100-N100 -> 36036
I101: =E100/F100*J101 -> 0
I102: =E100/F100*J102 -> 0
I103: =E100/F100*J103 -> 0
I104: =E100/F100*J104 -> 0
I105: =E100/F100*J105 -> 0
I106: =E100/F100*J106 -> 0
A107: 2.2. | B107: Маслобак 58А-ТВ.12.10.00 (проверка, сборка, установка) | C107: =H107/F107 -> 0 | D107: =E107/E$177 -> 0.0076804916 | E107: =F107*429 -> 4290 | F107: 10 | G107: =март!N107:N113 -> 0 | H107: =март!O107:O113 -> 0 | I107: =E107/F107*J107 -> 0 | N107: =G107+SUM(I107:I113) -> 0 | O107: =H107+SUM(J107:J113) -> 0 | P107: =O107/F107 -> 0 | Q107: =F107-O107 -> 10 | R107: =1-N107/E107 -> 1 | S107: =E107-N107 -> 4290
I108: =E107/F107*J108 -> 0
I109: =E107/F107*J109 -> 0
I110: =E107/F107*J110 -> 0
I111: =E107/F107*J111 -> 0
I112: =E107/F107*J112 -> 0
I113: =E107/F107*J113 -> 0
A114: 2.3. | B114: Установка рамы опорной 58Е-ТВ.41.00.00 | C114: =H114/F114 -> 0 | D114: =E114/E$177 -> 0.013824885 | E114: =F114*429 -> 7722 | F114: 18 | G114: =март!N114:N120 -> 0 | H114: =март!O114:O120 -> 0 | I114: =E114/F114*J114 -> 0 | N114: =G114+SUM(I114:I120) -> 0 | O114: =H114+SUM(J114:J120) -> 0 | P114: =O114/F114 -> 0 | Q114: =F114-O114 -> 18 | R114: =1-N114/E114 -> 1 | S114: =E114-N114 -> 7722
...

Sheet май
B1: ООО "ПК "Техинком-Центр"
A3: Наряд на оплату труда №_____ от "___" _______________20___г.
F4: Изделие : | H4: =C6 -> ПСС-131.22Э (С42А43) 58Е-ТВ Садко НЕКСТ
B6: Продукция: | C6: =апрель!C6 -> ПСС-131.22Э (С42А43) 58Е-ТВ Садко НЕКСТ
B7: Подразделение: высотная техника
B8: Заводской номер: | C8: =апрель!C8 -> №011
B9: Количество: | F9: 1 | G9: шт.
B10: Общий фонд по машине | F10: =E177 -> 558558 | G10: руб.
B11: Трудоемкость | F11: =F177 -> 1302 | G11: н/час
B12: Стоимость н/ч (руб) | F12: =E177/F177 -> 429 | G12: руб.
A14: № | B14: Наименование операции | C14: % выполнения операции на начало месяца | D14: Справочно % от суммы наряда | E14: Утвержденные расценки и н/ч | G14: Факт выполнения нарастающим итогом на 01.05.2024г. | I14: Факт выполнения за МАЙ 2024г. | K14: Исполнитель (ФИО) | N14: Отработано на 31.05.2024г. | P14: % выполнения операции на конец месяца | Q14: Остаток на конец месяца н/ч | R14: Отклонение на конец месяца
A15: п/п | E15: расценка за операцию (руб.) | F15: нормо-час (н/ч) | G15: (руб.) | H15: (н/ч) | I15: Стоимость (руб.) | J15: факт выполнения (н/ч) | K15: з/плата (сделка) | L15: договор ГПХ | M15: подряд | N15: сумма (руб.) | O15: н/ч. | R15: % | S15: рубли
A16: 1 | B16: Сварка-сборка узлов | C16: =H16/F16 -> 0 | D16: =E16/E$177 -> 0.59600614 | E16: =SUM(E23:E92) -> 332904 | F16: =SUM(F23:F92) -> 776 | G16: =SUM(G23:G92) -> 0 | H16: =SUM(H23:H92) -> 0 | I16: =SUM(I23:I92) -> 0 | J16: =SUM(J23:J92) -> 0 | N16: =SUM(N23:N92) -> 0 | O16: =SUM(O23:O92) -> 0 | P16: =O16/F16 -> 0 | Q16: =F16-O16 -> 776 | R16: =1-N16/E16 -> 1 | S16: =E16-N16 -> 332904
A23: 1.1. | B23: Рама опорная 58Е-ТВ.40.00.00-02: 58Е-ТВ.40.01.00 Балка/58Е-ТВ.40.01.00-01 Балка 58Е-ТВ.40.02.00 Балка задних опор 58Е-ТВ.40.03.00-01 Опора 58Б-ТВ.40.12.00 Кронштейн 58Г-ТВ.40.00.40 Кронштейн ручного насоса 58Б-ТВ.00.10.00 Кронштейн 58Б-ТВ.40.12.00 Кронштейн 58Д-ТВ.40.02.10 Кронштейн/58Д-ТВ.40.02.10-01 Кронштейн | C23: =H23/F23 -> 0 | E23: =F23*429 -> 46332 | F23: 108 | G23: =апрель!N23:N29 -> 0 | H23: =апрель!O23:O29 -> 0 | I23: =E23/F23*J23 -> 0 | N23: =G23+SUM(I23:I29) -> 0 | O23: =H23+SUM(J23:J29) -> 0 | P23: =O23/F23 -> 0 | Q23: =F23-O23 -> 108 | R23: =1-N23/E23 -> 1 | S23: =E23-N23 -> 46332
I24: =E23/F23*J24 -> 0
I25: =E23/F23*J25 -> 0
I26: =E23/F23*J26 -> 0
I27: =E23/F23*J27 -> 0
I28: =E23/F23*J28 -> 0
I29: =E23/F23*J29 -> 0
A30: 1.2. | B30: Аутригеры 58Е-ТВ.42.00.00: 58Е-ТВ.40.06.00 Кронштейн 58Е-ТВ.40.08.00 Опора 58Е-ТВ.42.01.00 Балка передняя 58Е-ТВ.42.02.00 Балка задняя 58Е-ТВ.40.05.00 Кронштейн | C30: =H30/F30 -> 0 | E30: =F30*429 -> 41184 | F30: 96 | G30: =апрель!N30:N36 -> 0 | H30: =апрель!O30:O36 -> 0 | I30: =E30/F30*J30 -> 0 | N30: =G30+SUM(I30:I36) -> 0 | O30: =H30+SUM(J30:J36) -> 0 | P30: =O30/F30 -> 0 | Q30: =F30-O30 -> 96 | R30: =1-N30/E30 -> 1 | S30: =E30-N30 -> 41184
I31: =E30/F30*J31 -> 0
I32: =E30/F30*J32 -> 0
I33: =E30/F30*J33 -> 0
I34: =E30/F30*J34 -> 0
I35: =E30/F30*J35 -> 0
I36: =E30/F30*J36 -> 0
A37: 1.3. | B37: Элементы: /Пульт оператора 58Е-ТВ.10.20.00, /Бампер 58Е-ТВ.28.110.00 /Ящики задние 58Е-ТВ.28.10.00_58Е-ТВ.28.20.00 /площадка оператора 58Е-ТВ.10.25.00 /кронштейн сидения оператора 58Е-ТВ.28.30.10 /крылья 58Е-ТВ.01.50.00 /колпаки 58Е-ТВ.10.100.00 /стойка 58Е-ТВ.28.40.00 /маслобак 58А-ТВ.12.10.00 /кронштейн транспортного положения стрелы 58Е-ТВ.50.40.74-84 (6 поз.) /кронштейны под элементы гидравлики в поворотной колонне, раме, /Лестница 58Е-ТВ.28.70.00 (боковые ступени) | C37: =H37/F37 -> 0 | E37: =F37*429 -> 71214 | F37: 166 | G37: =апрель!N37:N43 -> 0 | H37: =апрель!O37:O43 -> 0 | I37: =E37/F37*J37 -> 0 | N37: =G37+SUM(I37:I43) -> 0 | O37: =H37+SUM(J37:J43) -> 0 | P37: =O37/F37 -> 0 | Q37: =F37-O37 -> 166 | R37: =1-N37/E37 -> 1 | S37: =E37-N37 -> 71214
I38: =E37/F37*J38 -> 0
I39: =E37/F37*J39 -> 0
I40: =E37/F37*J40 -> 0
I41: =E37/F37*J41 -> 0
I42: =E37/F37*J42 -> 0
I43: =E37/F37*J43 -> 0
A44: 1.4. | B44: Поворотная колонна 58Е-ТВ.46.01.00: 58Д-ТВ.45.10.20 Кронштейн 58Е-ТВ.46.01.10 Балка 58Е-ТВ.46.10.10 Боковина правая 58Е-ТВ.46.10.10-01 Боковина левая | C44: =H44/F44 -> 0 | D44: =E44/E$177 -> 0.052227343 | E44: =F44*429 -> 29172 | F44: 68 | G44: =апрель!N44:N50 -> 0 | H44: =апрель!O44:O50 -> 0 | I44: =E44/F44*J44 -> 0 | N44: =G44+SUM(I44:I50) -> 0 | O44: =H44+SUM(J44:J50) -> 0 | P44: =O44/F44 -> 0 | Q44: =F44-O44 -> 68 | R44: =1-N44/E44 -> 1 | S44: =E44-N44 -> 29172
I45: =E44/F44*J45 -> 0
I46: =E44/F44*J46 -> 0
I47: =E44/F44*J47 -> 0
I48: =E44/F44*J48 -> 0
I49: =E44/F44*J49 -> 0
I50: =E44/F44*J50 -> 0
A51: 1.5. | B51: Колено 1 58Е-ТВ.50.10.10 | C51: =H51/F51 -> 0 | D51: =E51/E$177 -> 0.05453149 | E51: =F51*429 -> 30459 | F51: =68+3 -> 71 | G51: =апрель!N51:N57 -> 0 | H51: =апрель!O51:O57 -> 0 | I51: =E51/F51*J51 -> 0 | N51: =G51+SUM(I51:I57) -> 0 | O51: =H51+SUM(J51:J57) -> 0 | P51: =O51/F51 -> 0 | Q51: =F51-O51 -> 71 | R51: =1-N51/E51 -> 1 | S51: =E51-N51 -> 30459
I52: =E51/F51*J52 -> 0
I53: =E51/F51*J53 -> 0
I54: =E51/F51*J54 -> 0
I55: =E51/F51*J55 -> 0
I56: =E51/F51*J56 -> 0
I57: =E51/F51*J57 -> 0
A58: 1.6. | B58: Колено 2 58Е-ТВ.50.20.20 | C58: =H58/F58 -> 0 | D58: =E58/E$177 -> 0.05453149 | E58: =F58*429 -> 30459 | F58: =68+3 -> 71 | G58: =апрель!N58:N64 -> 0 | H58: =апрель!O58:O64 -> 0 | I58: =E58/F58*J58 -> 0 | N58: =G58+SUM(I58:I64) -> 0 | O58: =H58+SUM(J58:J64) -> 0 | P58: =O58/F58 -> 0 | Q58: =F58-O58 -> 71 | R58: =1-N58/E58 -> 1 | S58: =E58-N58 -> 30459
I59: =E58/F58*J59 -> 0
I60: =E58/F58*J60 -> 0
I61: =E58/F58*J61 -> 0
I62: =E58/F58*J62 -> 0
I63: =E58/F58*J63 -> 0
I64: =E58/F58*J64 -> 0
A65: 1.7. | B65: Колено 3 58Е-ТВ.50.30.30 | C65: =H65/F65 -> 0 | D65: =E65/E$177 -> 0.05453149 | E65: =F65*429 -> 30459 | F65: =68+3 -> 71 | G65: =апрель!N65:N71 -> 0 | H65: =апрель!O65:O71 -> 0 | I65: =E65/F65*J65 -> 0 | N65: =G65+SUM(I65:I71) -> 0 | O65: =H65+SUM(J65:J71) -> 0 | P65: =O65/F65 -> 0 | Q65: =F65-O65 -> 71 | R65: =1-N65/E65 -> 1 | S65: =E65-N65 -> 30459
I66: =E65/F65*J66 -> 0
I67: =E65/F65*J67 -> 0
I68: =E65/F65*J68 -> 0
I69: =E65/F65*J69 -> 0
I70: =E65/F65*J70 -> 0
I71: =E65/F65*J71 -> 0
A72: 1.8. | B72: Колено 4 58Е-ТВ.50.40.40 | C72: =H72/F72 -> 0 | D72: =E72/E$177 -> 0.062211982 | E72: =F72*429 -> 34749 | F72: =78+3 -> 81 | G72: =апрель!N72:N78 -> 0 | H72: =апрель!O72:O78 -> 0 | I72: =E72/F72*J72 -> 0 | N72: =G72+SUM(I72:I78) -> 0 | O72: =H72+SUM(J72:J78) -> 0 | P72: =O72/F72 -> 0 | Q72: =F72-O72 -> 81 | R72: =1-N72/E72 -> 1 | S72: =E72-N72 -> 34749
I73: =E72/F72*J73 -> 0
I74: =E72/F72*J74 -> 0
I75: =E72/F72*J75 -> 0
I76: =E72/F72*J76 -> 0
I77: =E72/F72*J77 -> 0
I78: =E72/F72*J78 -> 0
A79: 1.9. | B79: Перекатное устройство (Установка перекатного устройства 58Е-ТВ.32.00.00): 58Е-ТВ.32.10.00 Желоб 58Е-ТВ.32.11.00 Желоб 58Е-ТВ.32.25.00/32.30.00/32.80.00 Кронштейны | C79: =H79/F79 -> 0 | D79: =E79/E$177 -> 0.012288786 | E79: =F79*429 -> 6864 | F79: 16 | G79: =апрель!N79:N85 -> 0 | H79: =апрель!O79:O85 -> 0 | I79: =E79/F79*J79 -> 0 | N79: =G79+SUM(I79:I85) -> 0 | O79: =H79+SUM(J79:J85) -> 0 | P79: =O79/F79 -> 0 | Q79: =F79-O79 -> 16 | R79: =1-N79/E79 -> 1 | S79: =E79-N79 -> 6864
I80: =E79/F79*J80 -> 0
I81: =E79/F79*J81 -> 0
I82: =E79/F79*J82 -> 0
I83: =E79/F79*J83 -> 0
I84: =E79/F79*J84 -> 0
I85: =E79/F79*J85 -> 0
A86: 1.10. | B86: Кронштейны люльки 2 шт. (Кронштейн навески 58Е-ТВ.25.10.10, Кронштейн поворота 58Е-ТВ.25.15.00) | C86: =H86/F86 -> 0 | D86: =E86/E$177 -> 0.021505376 | E86: =F86*429 -> 12012 | F86: 28 | G86: =апрель!N86:N92 -> 0 | H86: =апрель!O86:O92 -> 0 | I86: =E86/F86*J86 -> 0 | N86: =G86+SUM(I86:I92) -> 0 | O86: =H86+SUM(J86:J92) -> 0 | P86: =O86/F86 -> 0 | Q86: =F86-O86 -> 28 | R86: =1-N86/E86 -> 1 | S86: =E86-N86 -> 12012
I87: =E86/F86*J87 -> 0
I88: =E86/F86*J88 -> 0
I89: =E86/F86*J89 -> 0
I90: =E86/F86*J90 -> 0
I91: =E86/F86*J91 -> 0
I92: =E86/F86*J92 -> 0
A93: 2 | B93: Сборка машины | C93: =H93/F93 -> 0 | D93: =E93/E$177 -> 0.40399386 | E93: =SUM(E100:E176) -> 225654 | F93: =SUM(F100:F176) -> 526 | G93: =SUM(G100:G176) -> 0 | H93: =SUM(H100:H176) -> 0 | I93: =SUM(I100:I176) -> 0 | J93: =SUM(J100:J176) -> 0 | N93: =SUM(N100:N176) -> 0 | O93: =SUM(O100:O176) -> 0 | P93: =O93/F93 -> 0 | Q93: =F93-O93 -> 526 | R93: =1-N93/E93 -> 1 | S93: =E93-N93 -> 225654
U94: МАШИНА
A100: 2.1. | B100: Шасси подготовленное 58Е-ТВ.01.00.00 | C100: =H100/F100 -> 0 | D100: =E100/E$177 -> 0.064516129 | E100: =F100*429 -> 36036 | F100: 84 | G100: =апрель!N100:N106 -> 0 | H100: =апрель!O100:O106 -> 0 | I100: =E100/F100*J100 -> 0 | N100: =G100+SUM(I100:I106) -> 0 | O100: =H100+SUM(J100:J106) -> 0 | P100: =O100/F100 -> 0 | Q100: =F100-O100 -> 84 | R100: =1-N100/E100 -> 1 | S100: =E100-N100 -> 36036
I101: =E100/F100*J101 -> 0
I102: =E100/F100*J102 -> 0
I103: =E100/F100*J103 -> 0
I104: =E100/F100*J104 -> 0
I105: =E100/F100*J105 -> 0
I106: =E100/F100*J106 -> 0
A107: 2.2. | B107: Маслобак 58А-ТВ.12.10.00 (проверка, сборка, установка) | C107: =H107/F107 -> 0 | D107: =E107/E$177 -> 0.0076804916 | E107: =F107*429 -> 4290 | F107: 10 | G107: =апрель!N107:N113 -> 0 | H107: =апрель!O107:O113 -> 0 | I107: =E107/F107*J107 -> 0 | N107: =G107+SUM(I107:I113) -> 0 | O107: =H107+SUM(J107:J113) -> 0 | P107: =O107/F107 -> 0 | Q107: =F107-O107 -> 10 | R107: =1-N107/E107 -> 1 | S107: =E107-N107 -> 4290
I108: =E107/F107*J108 -> 0
I109: =E107/F107*J109 -> 0
I110: =E107/F107*J110 -> 0
I111: =E107/F107*J111 -> 0
I112: =E107/F107*J112 -> 0
I113: =E107/F107*J113 -> 0
A114: 2.3. | B114: Установка рамы опорной 58Е-ТВ.41.00.00 | C114: =H114/F114 -> 0 | D114: =E114/E$177 -> 0.013824885 | E114: =F114*429 -> 7722 | F114: 18 | G114: =апрель!N114:N120 -> 0 | H114: =апрель!O114:O120 -> 0 | I114: =E114/F114*J114 -> 0 | N114: =G114+SUM(I114:I120) -> 0 | O114: =H114+SUM(J114:J120) -> 0 | P114: =O114/F114 -> 0 | Q114: =F114-O114 -> 18 | R114: =1-N114/E114 -> 1 | S114: =E114-N114 -> 7722
...

Sheet июнь
B1: ООО "ПК "Техинком-Центр"
A3: Наряд на оплату труда №_____ от "___" _______________20___г.
F4: Изделие : | H4: =C6 -> ПСС-131.22Э (С42А43) 58Е-ТВ Садко НЕКСТ
B6: Продукция: | C6: =май!C6 -> ПСС-131.22Э (С42А43) 58Е-ТВ Садко НЕКСТ
B7: Подразделение: высотная техника
B8: Заводской номер: | C8: =май!C8 -> №011
B9: Количество: | F9: 1 | G9: шт.
B10: Общий фонд по машине | F10: =E177 -> 558558 | G10: руб.
B11: Трудоемкость | F11: =F177 -> 1302 | G11: н/час
B12: Стоимость н/ч (руб) | F12: =E177/F177 -> 429 | G12: руб.
A14: № | B14: Наименование операции | C14: % выполнения операции на начало месяца | D14: Справочно % от суммы наряда | E14: Утвержденные расценки и н/ч | G14: Факт выполнения нарастающим итогом на 01.06.2024г. | I14: Факт выполнения за ИЮНЬ 2024г. | K14: Исполнитель (ФИО) | N14: Отработано на 30.06.2024г. | P14: % выполнения операции на конец месяца | Q14: Остаток на конец месяца н/ч | R14: Отклонение на конец месяца
A15: п/п | E15: расценка за операцию (руб.) | F15: нормо-час (н/ч) | G15: (руб.) | H15: (н/ч) | I15: Стоимость (руб.) | J15: факт выполнения (н/ч) | K15: з/плата (сделка) | L15: договор ГПХ | M15: подряд | N15: сумма (руб.) | O15: н/ч. | R15: % | S15: рубли
A16: 1 | B16: Сварка-сборка узлов | C16: =H16/F16 -> 0 | D16: =E16/E$177 -> 0.59600614 | E16: =SUM(E23:E92) -> 332904 | F16: =SUM(F23:F92) -> 776 | G16: =SUM(G23:G92) -> 0 | H16: =SUM(H23:H92) -> 0 | I16: =SUM(I23:I92) -> 0 | J16: =SUM(J23:J92) -> 0 | N16: =SUM(N23:N92) -> 0 | O16: =SUM(O23:O92) -> 0 | P16: =O16/F16 -> 0 | Q16: =F16-O16 -> 776 | R16: =1-N16/E16 -> 1 | S16: =E16-N16 -> 332904
A23: 1.1. | B23: Рама опорная 58Е-ТВ.40.00.00-02: 58Е-ТВ.40.01.00 Балка/58Е-ТВ.40.01.00-01 Балка 58Е-ТВ.40.02.00 Балка задних опор 58Е-ТВ.40.03.00-01 Опора 58Б-ТВ.40.12.00 Кронштейн 58Г-ТВ.40.00.40 Кронштейн ручного насоса 58Б-ТВ.00.10.00 Кронштейн 58Б-ТВ.40.12.00 Кронштейн 58Д-ТВ.40.02.10 Кронштейн/58Д-ТВ.40.02.10-01 Кронштейн | C23: =H23/F23 -> 0 | E23: =F23*429 -> 46332 | F23: 108 | G23: =май!N23:N29 -> 0 | H23: =май!O23:O29 -> 0 | I23: =E23/F23*J23 -> 0 | N23: =G23+SUM(I23:I29) -> 0 | O23: =H23+SUM(J23:J29) -> 0 | P23: =O23/F23 -> 0 | Q23: =F23-O23 -> 108 | R23: =1-N23/E23 -> 1 | S23: =E23-N23 -> 46332
I24: =E23/F23*J24 -> 0
I25: =E23/F23*J25 -> 0
I26: =E23/F23*J26 -> 0
I27: =E23/F23*J27 -> 0
I28: =E23/F23*J28 -> 0
I29: =E23/F23*J29 -> 0
A30: 1.2. | B30: Аутригеры 58Е-ТВ.42.00.00: 58Е-ТВ.40.06.00 Кронштейн 58Е-ТВ.40.08.00 Опора 58Е-ТВ.42.01.00 Балка передняя 58Е-ТВ.42.02.00 Балка задняя 58Е-ТВ.40.05.00 Кронштейн | C30: =H30/F30 -> 0 | E30: =F30*429 -> 41184 | F30: 96 | G30: =май!N30:N36 -> 0 | H30: =май!O30:O36 -> 0 | I30: =E30/F30*J30 -> 0 | N30: =G30+SUM(I30:I36) -> 0 | O30: =H30+SUM(J30:J36) -> 0 | P30: =O30/F30 -> 0 | Q30: =F30-O30 -> 96 | R30: =1-N30/E30 -> 1 | S30: =E30-N30 -> 41184
I31: =E30/F30*J31 -> 0
I32: =E30/F30*J32 -> 0
I33: =E30/F30*J33 -> 0
I34: =E30/F30*J34 -> 0
I35: =E30/F30*J35 -> 0
I36: =E30/F30*J36 -> 0
A37: 1.3. | B37: Элементы: /Пульт оператора 58Е-ТВ.10.20.00, /Бампер 58Е-ТВ.28.110.00 /Ящики задние 58Е-ТВ.28.10.00_58Е-ТВ.28.20.00 /площадка оператора 58Е-ТВ.10.25.00 /кронштейн сидения оператора 58Е-ТВ.28.30.10 /крылья 58Е-ТВ.01.50.00 /колпаки 58Е-ТВ.10.100.00 /стойка 58Е-ТВ.28.40.00 /маслобак 58А-ТВ.12.10.00 /кронштейн транспортного положения стрелы 58Е-ТВ.50.40.74-84 (6 поз.) /кронштейны под элементы гидравлики в поворотной колонне, раме, /Лестница 58Е-ТВ.28.70.00 (боковые ступени) | C37: =H37/F37 -> 0 | E37: =F37*429 -> 71214 | F37: 166 | G37: =май!N37:N43 -> 0 | H37: =май!O37:O43 -> 0 | I37: =E37/F37*J37 -> 0 | N37: =G37+SUM(I37:I43) -> 0 | O37: =H37+SUM(J37:J43) -> 0 | P37: =O37/F37 -> 0 | Q37: =F37-O37 -> 166 | R37: =1-N37/E37 -> 1 | S37: =E37-N37 -> 71214
I38: =E37/F37*J38 -> 0
I39: =E37/F37*J39 -> 0
I40: =E37/F37*J40 -> 0
I41: =E37/F37*J41 -> 0
I42: =E37/F37*J42 -> 0
I43: =E37/F37*J43 -> 0
A44: 1.4. | B44: Поворотная колонна 58Е-ТВ.46.01.00: 58Д-ТВ.45.10.20 Кронштейн 58Е-ТВ.46.01.10 Балка 58Е-ТВ.46.10.10 Боковина правая 58Е-ТВ.46.10.10-01 Боковина левая | C44: =H44/F44 -> 0 | D44: =E44/E$177 -> 0.052227343 | E44: =F44*429 -> 29172 | F44: 68 | G44: =май!N44:N50 -> 0 | H44: =май!O44:O50 -> 0 | I44: =E44/F44*J44 -> 0 | N44: =G44+SUM(I44:I50) -> 0 | O44: =H44+SUM(J44:J50) -> 0 | P44: =O44/F44 -> 0 | Q44: =F44-O44 -> 68 | R44: =1-N44/E44 -> 1 | S44: =E44-N44 -> 29172
I45: =E44/F44*J45 -> 0
I46: =E44/F44*J46 -> 0
I47: =E44/F44*J47 -> 0
I48: =E44/F44*J48 -> 0
I49: =E44/F44*J49 -> 0
I50: =E44/F44*J50 -> 0
A51: 1.5. | B51: Колено 1 58Е-ТВ.50.10.10 | C51: =H51/F51 -> 0 | D51: =E51/E$177 -> 0.05453149 | E51: =F51*429 -> 30459 | F51: =68+3 -> 71 | G51: =май!N51:N57 -> 0 | H51: =май!O51:O57 -> 0 | I51: =E51/F51*J51 -> 0 | N51: =G51+SUM(I51:I57) -> 0 | O51: =H51+SUM(J51:J57) -> 0 | P51: =O51/F51 -> 0 | Q51: =F51-O51 -> 71 | R51: =1-N51/E51 -> 1 | S51: =E51-N51 -> 30459
I52: =E51/F51*J52 -> 0
I53: =E51/F51*J53 -> 0
I54: =E51/F51*J54 -> 0
I55: =E51/F51*J55 -> 0
I56: =E51/F51*J56 -> 0
I57: =E51/F51*J57 -> 0
A58: 1.6. | B58: Колено 2 58Е-ТВ.50.20.20 | C58: =H58/F58 -> 0 | D58: =E58/E$177 -> 0.05453149 | E58: =F58*429 -> 30459 | F58: =68+3 -> 71 | G58: =май!N58:N64 -> 0 | H58: =май!O58:O64 -> 0 | I58: =E58/F58*J58 -> 0 | N58: =G58+SUM(I58:I64) -> 0 | O58: =H58+SUM(J58:J64) -> 0 | P58: =O58/F58 -> 0 | Q58: =F58-O58 -> 71 | R58: =1-N58/E58 -> 1 | S58: =E58-N58 -> 30459
I59: =E58/F58*J59 -> 0
I60: =E58/F58*J60 -> 0
I61: =E58/F58*J61 -> 0
I62: =E58/F58*J62 -> 0
I63: =E58/F58*J63 -> 0
I64: =E58/F58*J64 -> 0
A65: 1.7. | B65: Колено 3 58Е-ТВ.50.30.30 | C65: =H65/F65 -> 0 | D65: =E65/E$177 -> 0.05453149 | E65: =F65*429 -> 30459 | F65: =68+3 -> 71 | G65: =май!N65:N71 -> 0 | H65: =май!O65:O71 -> 0 | I65: =E65/F65*J65 -> 0 | N65: =G65+SUM(I65:I71) -> 0 | O65: =H65+SUM(J65:J71) -> 0 | P65: =O65/F65 -> 0 | Q65: =F65-O65 -> 71 | R65: =1-N65/E65 -> 1 | S65: =E65-N65 -> 30459
I66: =E65/F65*J66 -> 0
I67: =E65/F65*J67 -> 0
I68: =E65/F65*J68 -> 0
I69: =E65/F65*J69 -> 0
I70: =E65/F65*J70 -> 0
I71: =E65/F65*J71 -> 0
A72: 1.8. | B72: Колено 4 58Е-ТВ.50.40.40 | C72: =H72/F72 -> 0 | D72: =E72/E$177 -> 0.062211982 | E72: =F72*429 -> 34749 | F72: =78+3 -> 81 | G72: =май!N72:N78 -> 0 | H72: =май!O72:O78 -> 0 | I72: =E72/F72*J72 -> 0 | N72: =G72+SUM(I72:I78) -> 0 | O72: =H72+SUM(J72:J78) -> 0 | P72: =O72/F72 -> 0 | Q72: =F72-O72 -> 81 | R72: =1-N72/E72 -> 1 | S72: =E72-N72 -> 34749
I73: =E72/F72*J73 -> 0
I74: =E72/F72*J74 -> 0
I75: =E72/F72*J75 -> 0
I76: =E72/F72*J76 -> 0
I77: =E72/F72*J77 -> 0
I78: =E72/F72*J78 -> 0
A79: 1.9. | B79: Перекатное устройство (Установка перекатного устройства 58Е-ТВ.32.00.00): 58Е-ТВ.32.10.00 Желоб 58Е-ТВ.32.11.00 Желоб 58Е-ТВ.32.25.00/32.30.00/32.80.00 Кронштейны | C79: =H79/F79 -> 0 | D79: =E79/E$177 -> 0.012288786 | E79: =F79*429 -> 6864 | F79: 16 | G79: =май!N79:N85 -> 0 | H79: =май!O79:O85 -> 0 | I79: =E79/F79*J79 -> 0 | N79: =G79+SUM(I79:I85) -> 0 | O79: =H79+SUM(J79:J85) -> 0 | P79: =O79/F79 -> 0 | Q79: =F79-O79 -> 16 | R79: =1-N79/E79 -> 1 | S79: =E79-N79 -> 6864
I80: =E79/F79*J80 -> 0
I81: =E79/F79*J81 -> 0
I82: =E79/F79*J82 -> 0
I83: =E79/F79*J83 -> 0
I84: =E79/F79*J84 -> 0
I85: =E79/F79*J85 -> 0
A86: 1.10. | B86: Кронштейны люльки 2 шт. (Кронштейн навески 58Е-ТВ.25.10.10, Кронштейн поворота 58Е-ТВ.25.15.00) | C86: =H86/F86 -> 0 | D86: =E86/E$177 -> 0.021505376 | E86: =F86*429 -> 12012 | F86: 28 | G86: =май!N86:N92 -> 0 | H86: =май!O86:O92 -> 0 | I86: =E86/F86*J86 -> 0 | N86: =G86+SUM(I86:I92) -> 0 | O86: =H86+SUM(J86:J92) -> 0 | P86: =O86/F86 -> 0 | Q86: =F86-O86 -> 28 | R86: =1-N86/E86 -> 1 | S86: =E86-N86 -> 12012
I87: =E86/F86*J87 -> 0
I88: =E86/F86*J88 -> 0
I89: =E86/F86*J89 -> 0
I90: =E86/F86*J90 -> 0
I91: =E86/F86*J91 -> 0
I92: =E86/F86*J92 -> 0
A93: 2 | B93: Сборка машины | C93: =H93/F93 -> 0 | D93: =E93/E$177 -> 0.40399386 | E93: =SUM(E100:E176) -> 225654 | F93: =SUM(F100:F176) -> 526 | G93: =SUM(G100:G176) -> 0 | H93: =SUM(H100:H176) -> 0 | I93: =SUM(I100:I176) -> 0 | J93: =SUM(J100:J176) -> 0 | N93: =SUM(N100:N176) -> 0 | O93: =SUM(O100:O176) -> 0 | P93: =O93/F93 -> 0 | Q93: =F93-O93 -> 526 | R93: =1-N93/E93 -> 1 | S93: =E93-N93 -> 225654
U94: МАШИНА
A100: 2.1. | B100: Шасси подготовленное 58Е-ТВ.01.00.00 | C100: =H100/F100 -> 0 | D100: =E100/E$177 -> 0.064516129 | E100: =F100*429 -> 36036 | F100: 84 | G100: =май!N100:N106 -> 0 | H100: =май!O100:O106 -> 0 | I100: =E100/F100*J100 -> 0 | N100: =G100+SUM(I100:I106) -> 0 | O100: =H100+SUM(J100:J106) -> 0 | P100: =O100/F100 -> 0 | Q100: =F100-O100 -> 84 | R100: =1-N100/E100 -> 1 | S100: =E100-N100 -> 36036
I101: =E100/F100*J101 -> 0
I102: =E100/F100*J102 -> 0
I103: =E100/F100*J103 -> 0
I104: =E100/F100*J104 -> 0
I105: =E100/F100*J105 -> 0
I106: =E100/F100*J106 -> 0
A107: 2.2. | B107: Маслобак 58А-ТВ.12.10.00 (проверка, сборка, установка) | C107: =H107/F107 -> 0 | D107: =E107/E$177 -> 0.0076804916 | E107: =F107*429 -> 4290 | F107: 10 | G107: =май!N107:N113 -> 0 | H107: =май!O107:O113 -> 0 | I107: =E107/F107*J107 -> 0 | N107: =G107+SUM(I107:I113) -> 0 | O107: =H107+SUM(J107:J113) -> 0 | P107: =O107/F107 -> 0 | Q107: =F107-O107 -> 10 | R107: =1-N107/E107 -> 1 | S107: =E107-N107 -> 4290
I108: =E107/F107*J108 -> 0
I109: =E107/F107*J109 -> 0
I110: =E107/F107*J110 -> 0
I111: =E107/F107*J111 -> 0
I112: =E107/F107*J112 -> 0
I113: =E107/F107*J113 -> 0
A114: 2.3. | B114: Установка рамы опорной 58Е-ТВ.41.00.00 | C114: =H114/F114 -> 0 | D114: =E114/E$177 -> 0.013824885 | E114: =F114*429 -> 7722 | F114: 18 | G114: =май!N114:N120 -> 0 | H114: =май!O114:O120 -> 0 | I114: =E114/F114*J114 -> 0 | N114: =G114+SUM(I114:I120) -> 0 | O114: =H114+SUM(J114:J120) -> 0 | P114: =O114/F114 -> 0 | Q114: =F114-O114 -> 18 | R114: =1-N114/E114 -> 1 | S114: =E114-N114 -> 7722
...

Sheet июль
B1: ООО "ПК "Техинком-Центр"
A3: Наряд на оплату труда №_____ от "___" _______________20___г.
F4: Изделие : | H4: =C6 -> ПСС-131.22Э (С42А43) 58Е-ТВ Садко НЕКСТ
B6: Продукция: | C6: =июнь!C6 -> ПСС-131.22Э (С42А43) 58Е-ТВ Садко НЕКСТ
B7: Подразделение: высотная техника
B8: Заводской номер: | C8: =июнь!C8 -> №011
B9: Количество: | F9: 1 | G9: шт.
B10: Общий фонд по машине | F10: =E177 -> 558558 | G10: руб.
B11: Трудоемкость | F11: =F177 -> 1302 | G11: н/час
B12: Стоимость н/ч (руб) | F12: =E177/F177 -> 429 | G12: руб.
A14: № | B14: Наименование операции | C14: % выполнения операции на начало месяца | D14: Справочно % от суммы наряда | E14: Утвержденные расценки и н/ч | G14: Факт выполнения нарастающим итогом на 01.07.2024 | I14: Факт выполнения за ИЮЛЬ 2024 | K14: Исполнитель (ФИО) | N14: Отработано на 31.07.2024 | P14: % выполнения операции на конец месяца | Q14: Остаток на конец месяца н/ч | R14: Отклонение на конец месяца
A15: п/п | E15: расценка за операцию (руб.) | F15: нормо-час (н/ч) | G15: (руб.) | H15: (н/ч) | I15: Стоимость (руб.) | J15: факт выполнения (н/ч) | K15: з/плата (сделка) | L15: договор ГПХ | M15: подряд | N15: сумма (руб.) | O15: н/ч. | R15: % | S15: рубли
A16: 1 | B16: Сварка-сборка узлов | C16: =H16/F16 -> 0 | D16: =E16/E$177 -> 0.59600614 | E16: =SUM(E23:E92) -> 332904 | F16: =SUM(F23:F92) -> 776 | G16: =SUM(G23:G92) -> 0 | H16: =SUM(H23:H92) -> 0 | I16: =SUM(I23:I92) -> 0 | J16: =SUM(J23:J92) -> 0 | N16: =SUM(N23:N92) -> 0 | O16: =SUM(O23:O92) -> 0 | P16: =O16/F16 -> 0 | Q16: =F16-O16 -> 776 | R16: =1-N16/E16 -> 1 | S16: =E16-N16 -> 332904
A23: 1.1. | B23: Рама опорная 58Е-ТВ.40.00.00-02: 58Е-ТВ.40.01.00 Балка/58Е-ТВ.40.01.00-01 Балка 58Е-ТВ.40.02.00 Балка задних опор 58Е-ТВ.40.03.00-01 Опора 58Б-ТВ.40.12.00 Кронштейн 58Г-ТВ.40.00.40 Кронштейн ручного насоса 58Б-ТВ.00.10.00 Кронштейн 58Б-ТВ.40.12.00 Кронштейн 58Д-ТВ.40.02.10 Кронштейн/58Д-ТВ.40.02.10-01 Кронштейн | C23: =H23/F23 -> 0 | E23: =F23*429 -> 46332 | F23: 108 | G23: =июнь!N23:N29 -> 0 | H23: =июнь!O23:O29 -> 0 | I23: =E23/F23*J23 -> 0 | N23: =G23+SUM(I23:I29) -> 0 | O23: =H23+SUM(J23:J29) -> 0 | P23: =O23/F23 -> 0 | Q23: =F23-O23 -> 108 | R23: =1-N23/E23 -> 1 | S23: =E23-N23 -> 46332
I24: =E23/F23*J24 -> 0
I25: =E23/F23*J25 -> 0
I26: =E23/F23*J26 -> 0
I27: =E23/F23*J27 -> 0
I28: =E23/F23*J28 -> 0
I29: =E23/F23*J29 -> 0
A30: 1.2. | B30: Аутригеры 58Е-ТВ.42.00.00: 58Е-ТВ.40.06.00 Кронштейн 58Е-ТВ.40.08.00 Опора 58Е-ТВ.42.01.00 Балка передняя 58Е-ТВ.42.02.00 Балка задняя 58Е-ТВ.40.05.00 Кронштейн | C30: =H30/F30 -> 0 | E30: =F30*429 -> 41184 | F30: 96 | G30: =июнь!N30:N36 -> 0 | H30: =июнь!O30:O36 -> 0 | I30: =E30/F30*J30 -> 0 | N30: =G30+SUM(I30:I36) -> 0 | O30: =H30+SUM(J30:J36) -> 0 | P30: =O30/F30 -> 0 | Q30: =F30-O30 -> 96 | R30: =1-N30/E30 -> 1 | S30: =E30-N30 -> 41184
I31: =E30/F30*J31 -> 0
I32: =E30/F30*J32 -> 0
I33: =E30/F30*J33 -> 0
I34: =E30/F30*J34 -> 0
I35: =E30/F30*J35 -> 0
I36: =E30/F30*J36 -> 0
A37: 1.3. | B37: Элементы: /Пульт оператора 58Е-ТВ.10.20.00, /Бампер 58Е-ТВ.28.110.00 /Ящики задние 58Е-ТВ.28.10.00_58Е-ТВ.28.20.00 /площадка оператора 58Е-ТВ.10.25.00 /кронштейн сидения оператора 58Е-ТВ.28.30.10 /крылья 58Е-ТВ.01.50.00 /колпаки 58Е-ТВ.10.100.00 /стойка 58Е-ТВ.28.40.00 /маслобак 58А-ТВ.12.10.00 /кронштейн транспортного положения стрелы 58Е-ТВ.50.40.74-84 (6 поз.) /кронштейны под элементы гидравлики в поворотной колонне, раме, /Лестница 58Е-ТВ.28.70.00 (боковые ступени) | C37: =H37/F37 -> 0 | E37: =F37*429 -> 71214 | F37: 166 | G37: =июнь!N37:N43 -> 0 | H37: =июнь!O37:O43 -> 0 | I37: =E37/F37*J37 -> 0 | N37: =G37+SUM(I37:I43) -> 0 | O37: =H37+SUM(J37:J43) -> 0 | P37: =O37/F37 -> 0 | Q37: =F37-O37 -> 166 | R37: =1-N37/E37 -> 1 | S37: =E37-N37 -> 71214
I38: =E37/F37*J38 -> 0
I39: =E37/F37*J39 -> 0
I40: =E37/F37*J40 -> 0
I41: =E37/F37*J41 -> 0
I42: =E37/F37*J42 -> 0
I43: =E37/F37*J43 -> 0
A44: 1.4. | B44: Поворотная колонна 58Е-ТВ.46.01.00: 58Д-ТВ.45.10.20 Кронштейн 58Е-ТВ.46.01.10 Балка 58Е-ТВ.46.10.10 Боковина правая 58Е-ТВ.46.10.10-01 Боковина левая | C44: =H44/F44 -> 0 | D44: =E44/E$177 -> 0.052227343 | E44: =F44*429 -> 29172 | F44: 68 | G44: =июнь!N44:N50 -> 0 | H44: =июнь!O44:O50 -> 0 | I44: =E44/F44*J44 -> 0 | N44: =G44+SUM(I44:I50) -> 0 | O44: =H44+SUM(J44:J50) -> 0 | P44: =O44/F44 -> 0 | Q44: =F44-O44 -> 68 | R44: =1-N44/E44 -> 1 | S44: =E44-N44 -> 29172
I45: =E44/F44*J45 -> 0
I46: =E44/F44*J46 -> 0
I47: =E44/F44*J47 -> 0
I48: =E44/F44*J48 -> 0
I49: =E44/F44*J49 -> 0
I50: =E44/F44*J50 -> 0
A51: 1.5. | B51: Колено 1 58Е-ТВ.50.10.10 | C51: =H51/F51 -> 0 | D51: =E51/E$177 -> 0.05453149 | E51: =F51*429 -> 30459 | F51: =68+3 -> 71 | G51: =июнь!N51:N57 -> 0 | H51: =июнь!O51:O57 -> 0 | I51: =E51/F51*J51 -> 0 | N51: =G51+SUM(I51:I57) -> 0 | O51: =H51+SUM(J51:J57) -> 0 | P51: =O51/F51 -> 0 | Q51: =F51-O51 -> 71 | R51: =1-N51/E51 -> 1 | S51: =E51-N51 -> 30459
I52: =E51/F51*J52 -> 0
I53: =E51/F51*J53 -> 0
I54: =E51/F51*J54 -> 0
I55: =E51/F51*J55 -> 0
I56: =E51/F51*J56 -> 0
I57: =E51/F51*J57 -> 0
A58: 1.6. | B58: Колено 2 58Е-ТВ.50.20.20 | C58: =H58/F58 -> 0 | D58: =E58/E$177 -> 0.05453149 | E58: =F58*429 -> 30459 | F58: =68+3 -> 71 | G58: =июнь!N58:N64 -> 0 | H58: =июнь!O58:O64 -> 0 | I58: =E58/F58*J58 -> 0 | N58: =G58+SUM(I58:I64) -> 0 | O58: =H58+SUM(J58:J64) -> 0 | P58: =O58/F58 -> 0 | Q58: =F58-O58 -> 71 | R58: =1-N58/E58 -> 1 | S58: =E58-N58 -> 30459
I59: =E58/F58*J59 -> 0
I60: =E58/F58*J60 -> 0
I61: =E58/F58*J61 -> 0
I62: =E58/F58*J62 -> 0
I63: =E58/F58*J63 -> 0
I64: =E58/F58*J64 -> 0
A65: 1.7. | B65: Колено 3 58Е-ТВ.50.30.30 | C65: =H65/F65 -> 0 | D65: =E65/E$177 -> 0.05453149 | E65: =F65*429 -> 30459 | F65: =68+3 -> 71 | G65: =июнь!N65:N71 -> 0 | H65: =июнь!O65:O71 -> 0 | I65: =E65/F65*J65 -> 0 | N65: =G65+SUM(I65:I71) -> 0 | O65: =H65+SUM(J65:J71) -> 0 | P65: =O65/F65 -> 0 | Q65: =F65-O65 -> 71 | R65: =1-N65/E65 -> 1 | S65: =E65-N65 -> 30459
I66: =E65/F65*J66 -> 0
I67: =E65/F65*J67 -> 0
I68: =E65/F65*J68 -> 0
I69: =E65/F65*J69 -> 0
I70: =E65/F65*J70 -> 0
I71: =E65/F65*J71 -> 0
A72: 1.8. | B72: Колено 4 58Е-ТВ.50.40.40 | C72: =H72/F72 -> 0 | D72: =E72/E$177 -> 0.062211982 | E72: =F72*429 -> 34749 | F72: =78+3 -> 81 | G72: =июнь!N72:N78 -> 0 | H72: =июнь!O72:O78 -> 0 | I72: =E72/F72*J72 -> 0 | N72: =G72+SUM(I72:I78) -> 0 | O72: =H72+SUM(J72:J78) -> 0 | P72: =O72/F72 -> 0 | Q72: =F72-O72 -> 81 | R72: =1-N72/E72 -> 1 | S72: =E72-N72 -> 34749
I73: =E72/F72*J73 -> 0
I74: =E72/F72*J74 -> 0
I75: =E72/F72*J75 -> 0
I76: =E72/F72*J76 -> 0
I77: =E72/F72*J77 -> 0
I78: =E72/F72*J78 -> 0
A79: 1.9. | B79: Перекатное устройство (Установка перекатного устройства 58Е-ТВ.32.00.00): 58Е-ТВ.32.10.00 Желоб 58Е-ТВ.32.11.00 Желоб 58Е-ТВ.32.25.00/32.30.00/32.80.00 Кронштейны | C79: =H79/F79 -> 0 | D79: =E79/E$177 -> 0.012288786 | E79: =F79*429 -> 6864 | F79: 16 | G79: =июнь!N79:N85 -> 0 | H79: =июнь!O79:O85 -> 0 | I79: =E79/F79*J79 -> 0 | N79: =G79+SUM(I79:I85) -> 0 | O79: =H79+SUM(J79:J85) -> 0 | P79: =O79/F79 -> 0 | Q79: =F79-O79 -> 16 | R79: =1-N79/E79 -> 1 | S79: =E79-N79 -> 6864
I80: =E79/F79*J80 -> 0
I81: =E79/F79*J81 -> 0
I82: =E79/F79*J82 -> 0
I83: =E79/F79*J83 -> 0
I84: =E79/F79*J84 -> 0
I85: =E79/F79*J85 -> 0
A86: 1.10. | B86: Кронштейны люльки 2 шт. (Кронштейн навески 58Е-ТВ.25.10.10, Кронштейн поворота 58Е-ТВ.25.15.00) | C86: =H86/F86 -> 0 | D86: =E86/E$177 -> 0.021505376 | E86: =F86*429 -> 12012 | F86: 28 | G86: =июнь!N86:N92 -> 0 | H86: =июнь!O86:O92 -> 0 | I86: =E86/F86*J86 -> 0 | N86: =G86+SUM(I86:I92) -> 0 | O86: =H86+SUM(J86:J92) -> 0 | P86: =O86/F86 -> 0 | Q86: =F86-O86 -> 28 | R86: =1-N86/E86 -> 1 | S86: =E86-N86 -> 12012
I87: =E86/F86*J87 -> 0
I88: =E86/F86*J88 -> 0
I89: =E86/F86*J89 -> 0
I90: =E86/F86*J90 -> 0
I91: =E86/F86*J91 -> 0
I92: =E86/F86*J92 -> 0
A93: 2 | B93: Сборка машины | C93: =H93/F93 -> 0 | D93: =E93/E$177 -> 0.40399386 | E93: =SUM(E100:E176) -> 225654 | F93: =SUM(F100:F176) -> 526 | G93: =SUM(G100:G176) -> 0 | H93: =SUM(H100:H176) -> 0 | I93: =SUM(I100:I176) -> 0 | J93: =SUM(J100:J176) -> 0 | N93: =SUM(N100:N176) -> 0 | O93: =SUM(O100:O176) -> 0 | P93: =O93/F93 -> 0 | Q93: =F93-O93 -> 526 | R93: =1-N93/E93 -> 1 | S93: =E93-N93 -> 225654
U94: МАШИНА
A100: 2.1. | B100: Шасси подготовленное 58Е-ТВ.01.00.00 | C100: =H100/F100 -> 0 | D100: =E100/E$177 -> 0.064516129 | E100: =F100*429 -> 36036 | F100: 84 | G100: =июнь!N100:N106 -> 0 | H100: =июнь!O100:O106 -> 0 | I100: =E100/F100*J100 -> 0 | N100: =G100+SUM(I100:I106) -> 0 | O100: =H100+SUM(J100:J106) -> 0 | P100: =O100/F100 -> 0 | Q100: =F100-O100 -> 84 | R100: =1-N100/E100 -> 1 | S100: =E100-N100 -> 36036
I101: =E100/F100*J101 -> 0
I102: =E100/F100*J102 -> 0
I103: =E100/F100*J103 -> 0
I104: =E100/F100*J104 -> 0
I105: =E100/F100*J105 -> 0
I106: =E100/F100*J106 -> 0
A107: 2.2. | B107: Маслобак 58А-ТВ.12.10.00 (проверка, сборка, установка) | C107: =H107/F107 -> 0 | D107: =E107/E$177 -> 0.0076804916 | E107: =F107*429 -> 4290 | F107: 10 | G107: =июнь!N107:N113 -> 0 | H107: =июнь!O107:O113 -> 0 | I107: =E107/F107*J107 -> 0 | N107: =G107+SUM(I107:I113) -> 0 | O107: =H107+SUM(J107:J113) -> 0 | P107: =O107/F107 -> 0 | Q107: =F107-O107 -> 10 | R107: =1-N107/E107 -> 1 | S107: =E107-N107 -> 4290
I108: =E107/F107*J108 -> 0
I109: =E107/F107*J109 -> 0
I110: =E107/F107*J110 -> 0
I111: =E107/F107*J111 -> 0
I112: =E107/F107*J112 -> 0
I113: =E107/F107*J113 -> 0
A114: 2.3. | B114: Установка рамы опорной 58Е-ТВ.41.00.00 | C114: =H114/F114 -> 0 | D114: =E114/E$177 -> 0.013824885 | E114: =F114*429 -> 7722 | F114: 18 | G114: =июнь!N114:N120 -> 0 | H114: =июнь!O114:O120 -> 0 | I114: =E114/F114*J114 -> 0 | N114: =G114+SUM(I114:I120) -> 0 | O114: =H114+SUM(J114:J120) -> 0 | P114: =O114/F114 -> 0 | Q114: =F114-O114 -> 18 | R114: =1-N114/E114 -> 1 | S114: =E114-N114 -> 7722
...

Sheet август
B1: ООО "ПК "Техинком-Центр"
A3: Наряд на оплату труда №_____ от "___" _______________20___г.
F4: Изделие : | H4: =C6 -> ПСС-131.22Э (С42А43) 58Е-ТВ Садко НЕКСТ
B6: Продукция: | C6: =июль!C6 -> ПСС-131.22Э (С42А43) 58Е-ТВ Садко НЕКСТ
B7: Подразделение: высотная техника
B8: Заводской номер: | C8: =июль!C8 -> №011
B9: Количество: | F9: 1 | G9: шт.
B10: Общий фонд по машине | F10: =E177 -> 558558 | G10: руб.
B11: Трудоемкость | F11: =F177 -> 1302 | G11: н/час
B12: Стоимость н/ч (руб) | F12: =E177/F177 -> 429 | G12: руб.
A14: № | B14: Наименование операции | C14: % выполнения операции на начало месяца | D14: Справочно % от суммы наряда | E14: Утвержденные расценки и н/ч | G14: Факт выполнения нарастающим итогом на 01.08.2024 | I14: Факт выполнения за АВГУСТ 2024 | K14: Исполнитель (ФИО) | N14: Отработано на 31.08.2024 | P14: % выполнения операции на конец месяца | Q14: Остаток на конец месяца н/ч | R14: Отклонение на конец месяца
A15: п/п | E15: расценка за операцию (руб.) | F15: нормо-час (н/ч) | G15: (руб.) | H15: (н/ч) | I15: Стоимость (руб.) | J15: факт выполнения (н/ч) | K15: з/плата (сделка) | L15: договор ГПХ | M15: подряд | N15: сумма (руб.) | O15: н/ч. | R15: % | S15: рубли
A16: 1 | B16: Сварка-сборка узлов | C16: =H16/F16 -> 0 | D16: =E16/E$177 -> 0.59600614 | E16: =SUM(E23:E92) -> 332904 | F16: =SUM(F23:F92) -> 776 | G16: =SUM(G23:G92) -> 0 | H16: =SUM(H23:H92) -> 0 | I16: =SUM(I23:I92) -> 0 | J16: =SUM(J23:J92) -> 0 | N16: =SUM(N23:N92) -> 0 | O16: =SUM(O23:O92) -> 0 | P16: =O16/F16 -> 0 | Q16: =F16-O16 -> 776 | R16: =1-N16/E16 -> 1 | S16: =E16-N16 -> 332904
A23: 1.1. | B23: Рама опорная 58Е-ТВ.40.00.00-02: 58Е-ТВ.40.01.00 Балка/58Е-ТВ.40.01.00-01 Балка 58Е-ТВ.40.02.00 Балка задних опор 58Е-ТВ.40.03.00-01 Опора 58Б-ТВ.40.12.00 Кронштейн 58Г-ТВ.40.00.40 Кронштейн ручного насоса 58Б-ТВ.00.10.00 Кронштейн 58Б-ТВ.40.12.00 Кронштейн 58Д-ТВ.40.02.10 Кронштейн/58Д-ТВ.40.02.10-01 Кронштейн | C23: =H23/F23 -> 0 | E23: =F23*429 -> 46332 | F23: 108 | G23: =июль!N23:N29 -> 0 | H23: =июль!O23:O29 -> 0 | I23: =E23/F23*J23 -> 0 | N23: =G23+SUM(I23:I29) -> 0 | O23: =H23+SUM(J23:J29) -> 0 | P23: =O23/F23 -> 0 | Q23: =F23-O23 -> 108 | R23: =1-N23/E23 -> 1 | S23: =E23-N23 -> 46332
I24: =E23/F23*J24 -> 0
I25: =E23/F23*J25 -> 0
I26: =E23/F23*J26 -> 0
I27: =E23/F23*J27 -> 0
I28: =E23/F23*J28 -> 0
I29: =E23/F23*J29 -> 0
A30: 1.2. | B30: Аутригеры 58Е-ТВ.42.00.00: 58Е-ТВ.40.06.00 Кронштейн 58Е-ТВ.40.08.00 Опора 58Е-ТВ.42.01.00 Балка передняя 58Е-ТВ.42.02.00 Балка задняя 58Е-ТВ.40.05.00 Кронштейн | C30: =H30/F30 -> 0 | E30: =F30*429 -> 41184 | F30: 96 | G30: =июль!N30:N36 -> 0 | H30: =июль!O30:O36 -> 0 | I30: =E30/F30*J30 -> 0 | N30: =G30+SUM(I30:I36) -> 0 | O30: =H30+SUM(J30:J36) -> 0 | P30: =O30/F30 -> 0 | Q30: =F30-O30 -> 96 | R30: =1-N30/E30 -> 1 | S30: =E30-N30 -> 41184
I31: =E30/F30*J31 -> 0
I32: =E30/F30*J32 -> 0
I33: =E30/F30*J33 -> 0
I34: =E30/F30*J34 -> 0
I35: =E30/F30*J35 -> 0
I36: =E30/F30*J36 -> 0
A37: 1.3. | B37: Элементы: /Пульт оператора 58Е-ТВ.10.20.00, /Бампер 58Е-ТВ.28.110.00 /Ящики задние 58Е-ТВ.28.10.00_58Е-ТВ.28.20.00 /площадка оператора 58Е-ТВ.10.25.00 /кронштейн сидения оператора 58Е-ТВ.28.30.10 /крылья 58Е-ТВ.01.50.00 /колпаки 58Е-ТВ.10.100.00 /стойка 58Е-ТВ.28.40.00 /маслобак 58А-ТВ.12.10.00 /кронштейн транспортного положения стрелы 58Е-ТВ.50.40.74-84 (6 поз.) /кронштейны под элементы гидравлики в поворотной колонне, раме, /Лестница 58Е-ТВ.28.70.00 (боковые ступени) | C37: =H37/F37 -> 0 | E37: =F37*429 -> 71214 | F37: 166 | G37: =июль!N37:N43 -> 0 | H37: =июль!O37:O43 -> 0 | I37: =E37/F37*J37 -> 0 | N37: =G37+SUM(I37:I43) -> 0 | O37: =H37+SUM(J37:J43) -> 0 | P37: =O37/F37 -> 0 | Q37: =F37-O37 -> 166 | R37: =1-N37/E37 -> 1 | S37: =E37-N37 -> 71214
I38: =E37/F37*J38 -> 0
I39: =E37/F37*J39 -> 0
I40: =E37/F37*J40 -> 0
I41: =E37/F37*J41 -> 0
I42: =E37/F37*J42 -> 0
I43: =E37/F37*J43 -> 0
A44: 1.4. | B44: Поворотная колонна 58Е-ТВ.46.01.00: 58Д-ТВ.45.10.20 Кронштейн 58Е-ТВ.46.01.10 Балка 58Е-ТВ.46.10.10 Боковина правая 58Е-ТВ.46.10.10-01 Боковина левая | C44: =H44/F44 -> 0 | D44: =E44/E$177 -> 0.052227343 | E44: =F44*429 -> 29172 | F44: 68 | G44: =июль!N44:N50 -> 0 | H44: =июль!O44:O50 -> 0 | I44: =E44/F44*J44 -> 0 | N44: =G44+SUM(I44:I50) -> 0 | O44: =H44+SUM(J44:J50) -> 0 | P44: =O44/F44 -> 0 | Q44: =F44-O44 -> 68 | R44: =1-N44/E44 -> 1 | S44: =E44-N44 -> 29172
I45: =E44/F44*J45 -> 0
I46: =E44/F44*J46 -> 0
I47: =E44/F44*J47 -> 0
I48: =E44/F44*J48 -> 0
I49: =E44/F44*J49 -> 0
I50: =E44/F44*J50 -> 0
A51: 1.5. | B51: Колено 1 58Е-ТВ.50.10.10 | C51: =H51/F51 -> 0 | D51: =E51/E$177 -> 0.05453149 | E51: =F51*429 -> 30459 | F51: =68+3 -> 71 | G51: =июль!N51:N57 -> 0 | H51: =июль!O51:O57 -> 0 | I51: =E51/F51*J51 -> 0 | N51: =G51+SUM(I51:I57) -> 0 | O51: =H51+SUM(J51:J57) -> 0 | P51: =O51/F51 -> 0 | Q51: =F51-O51 -> 71 | R51: =1-N51/E51 -> 1 | S51: =E51-N51 -> 30459
I52: =E51/F51*J52 -> 0
I53: =E51/F51*J53 -> 0
I54: =E51/F51*J54 -> 0
I55: =E51/F51*J55 -> 0
I56: =E51/F51*J56 -> 0
I57: =E51/F51*J57 -> 0
A58: 1.6. | B58: Колено 2 58Е-ТВ.50.20.20 | C58: =H58/F58 -> 0 | D58: =E58/E$177 -> 0.05453149 | E58: =F58*429 -> 30459 | F58: =68+3 -> 71 | G58: =июль!N58:N64 -> 0 | H58: =июль!O58:O64 -> 0 | I58: =E58/F58*J58 -> 0 | N58: =G58+SUM(I58:I64) -> 0 | O58: =H58+SUM(J58:J64) -> 0 | P58: =O58/F58 -> 0 | Q58: =F58-O58 -> 71 | R58: =1-N58/E58 -> 1 | S58: =E58-N58 -> 30459
I59: =E58/F58*J59 -> 0
I60: =E58/F58*J60 -> 0
I61: =E58/F58*J61 -> 0
I62: =E58/F58*J62 -> 0
I63: =E58/F58*J63 -> 0
I64: =E58/F58*J64 -> 0
A65: 1.7. | B65: Колено 3 58Е-ТВ.50.30.30 | C65: =H65/F65 -> 0 | D65: =E65/E$177 -> 0.05453149 | E65: =F65*429 -> 30459 | F65: =68+3 -> 71 | G65: =июль!N65:N71 -> 0 | H65: =июль!O65:O71 -> 0 | I65: =E65/F65*J65 -> 0 | N65: =G65+SUM(I65:I71) -> 0 | O65: =H65+SUM(J65:J71) -> 0 | P65: =O65/F65 -> 0 | Q65: =F65-O65 -> 71 | R65: =1-N65/E65 -> 1 | S65: =E65-N65 -> 30459
I66: =E65/F65*J66 -> 0
I67: =E65/F65*J67 -> 0
I68: =E65/F65*J68 -> 0
I69: =E65/F65*J69 -> 0
I70: =E65/F65*J70 -> 0
I71: =E65/F65*J71 -> 0
A72: 1.8. | B72: Колено 4 58Е-ТВ.50.40.40 | C72: =H72/F72 -> 0 | D72: =E72/E$177 -> 0.062211982 | E72: =F72*429 -> 34749 | F72: =78+3 -> 81 | G72: =июль!N72:N78 -> 0 | H72: =июль!O72:O78 -> 0 | I72: =E72/F72*J72 -> 0 | N72: =G72+SUM(I72:I78) -> 0 | O72: =H72+SUM(J72:J78) -> 0 | P72: =O72/F72 -> 0 | Q72: =F72-O72 -> 81 | R72: =1-N72/E72 -> 1 | S72: =E72-N72 -> 34749
I73: =E72/F72*J73 -> 0
I74: =E72/F72*J74 -> 0
I75: =E72/F72*J75 -> 0
I76: =E72/F72*J76 -> 0
I77: =E72/F72*J77 -> 0
I78: =E72/F72*J78 -> 0
A79: 1.9. | B79: Перекатное устройство (Установка перекатного устройства 58Е-ТВ.32.00.00): 58Е-ТВ.32.10.00 Желоб 58Е-ТВ.32.11.00 Желоб 58Е-ТВ.32.25.00/32.30.00/32.80.00 Кронштейны | C79: =H79/F79 -> 0 | D79: =E79/E$177 -> 0.012288786 | E79: =F79*429 -> 6864 | F79: 16 | G79: =июль!N79:N85 -> 0 | H79: =июль!O79:O85 -> 0 | I79: =E79/F79*J79 -> 0 | N79: =G79+SUM(I79:I85) -> 0 | O79: =H79+SUM(J79:J85) -> 0 | P79: =O79/F79 -> 0 | Q79: =F79-O79 -> 16 | R79: =1-N79/E79 -> 1 | S79: =E79-N79 -> 6864
I80: =E79/F79*J80 -> 0
I81: =E79/F79*J81 -> 0
I82: =E79/F79*J82 -> 0
I83: =E79/F79*J83 -> 0
I84: =E79/F79*J84 -> 0
I85: =E79/F79*J85 -> 0
A86: 1.10. | B86: Кронштейны люльки 2 шт. (Кронштейн навески 58Е-ТВ.25.10.10, Кронштейн поворота 58Е-ТВ.25.15.00) | C86: =H86/F86 -> 0 | D86: =E86/E$177 -> 0.021505376 | E86: =F86*429 -> 12012 | F86: 28 | G86: =июль!N86:N92 -> 0 | H86: =июль!O86:O92 -> 0 | I86: =E86/F86*J86 -> 0 | N86: =G86+SUM(I86:I92) -> 0 | O86: =H86+SUM(J86:J92) -> 0 | P86: =O86/F86 -> 0 | Q86: =F86-O86 -> 28 | R86: =1-N86/E86 -> 1 | S86: =E86-N86 -> 12012
I87: =E86/F86*J87 -> 0
I88: =E86/F86*J88 -> 0
I89: =E86/F86*J89 -> 0
I90: =E86/F86*J90 -> 0
I91: =E86/F86*J91 -> 0
I92: =E86/F86*J92 -> 0
A93: 2 | B93: Сборка машины | C93: =H93/F93 -> 0 | D93: =E93/E$177 -> 0.40399386 | E93: =SUM(E100:E176) -> 225654 | F93: =SUM(F100:F176) -> 526 | G93: =SUM(G100:G176) -> 0 | H93: =SUM(H100:H176) -> 0 | I93: =SUM(I100:I176) -> 0 | J93: =SUM(J100:J176) -> 0 | N93: =SUM(N100:N176) -> 0 | O93: =SUM(O100:O176) -> 0 | P93: =O93/F93 -> 0 | Q93: =F93-O93 -> 526 | R93: =1-N93/E93 -> 1 | S93: =E93-N93 -> 225654
V94: МАШИНА
A100: 2.1. | B100: Шасси подготовленное 58Е-ТВ.01.00.00 | C100: =H100/F100 -> 0 | D100: =E100/E$177 -> 0.064516129 | E100: =F100*429 -> 36036 | F100: 84 | G100: =июль!N100:N106 -> 0 | H100: =июль!O100:O106 -> 0 | I100: =E100/F100*J100 -> 0 | K100: Крсанов Г.Г. | N100: =G100+SUM(I100:I106) -> 0 | O100: =H100+SUM(J100:J106) -> 0 | P100: =O100/F100 -> 0 | Q100: =F100-O100 -> 84 | R100: =1-N100/E100 -> 1 | S100: =E100-N100 -> 36036
I101: =E100/F100*J101 -> 0
I102: =E100/F100*J102 -> 0
I103: =E100/F100*J103 -> 0
I104: =E100/F100*J104 -> 0
I105: =E100/F100*J105 -> 0
I106: =E100/F100*J106 -> 0
A107: 2.2. | B107: Маслобак 58А-ТВ.12.10.00 (проверка, сборка, установка) | C107: =H107/F107 -> 0 | D107: =E107/E$177 -> 0.0076804916 | E107: =F107*429 -> 4290 | F107: 10 | G107: =июль!N107:N113 -> 0 | H107: =июль!O107:O113 -> 0 | I107: =E107/F107*J107 -> 0 | N107: =G107+SUM(I107:I113) -> 0 | O107: =H107+SUM(J107:J113) -> 0 | P107: =O107/F107 -> 0 | Q107: =F107-O107 -> 10 | R107: =1-N107/E107 -> 1 | S107: =E107-N107 -> 4290
I108: =E107/F107*J108 -> 0
I109: =E107/F107*J109 -> 0
I110: =E107/F107*J110 -> 0
I111: =E107/F107*J111 -> 0
I112: =E107/F107*J112 -> 0
I113: =E107/F107*J113 -> 0
A114: 2.3. | B114: Установка рамы опорной 58Е-ТВ.41.00.00 | C114: =H114/F114 -> 0 | D114: =E114/E$177 -> 0.013824885 | E114: =F114*429 -> 7722 | F114: 18 | G114: =июль!N114:N120 -> 0 | H114: =июль!O114:O120 -> 0 | I114: =E114/F114*J114 -> 0 | N114: =G114+SUM(I114:I120) -> 0 | O114: =H114+SUM(J114:J120) -> 0 | P114: =O114/F114 -> 0 | Q114: =F114-O114 -> 18 | R114: =1-N114/E114 -> 1 | S114: =E114-N114 -> 7722
...

Sheet сентябрь
B1: ООО "ПК "Техинком-Центр"
A3: Наряд на оплату труда №_____ от "___" _______________20___г.
F4: Изделие : | H4: =C6 -> ПСС-131.22Э (С42А43) 58Е-ТВ Садко НЕКСТ
B6: Продукция: | C6: =июль!C6 -> ПСС-131.22Э (С42А43) 58Е-ТВ Садко НЕКСТ
B7: Подразделение: высотная техника
B8: Заводской номер: | C8: =июль!C8 -> №011
B9: Количество: | C9: =июль!C9 -> 0 | F9: 1 | G9: шт.
B10: Общий фонд по машине | F10: =E177 -> 558558 | G10: руб.
B11: Трудоемкость | F11: =F177 -> 1302 | G11: н/час
B12: Стоимость н/ч (руб) | F12: =E177/F177 -> 429 | G12: руб.
A14: № | B14: Наименование операции | C14: % выполнения операции на начало месяца | D14: Справочно % от суммы наряда | E14: Утвержденные расценки и н/ч | G14: Факт выполнения нарастающим итогом на 01.09.2024 | I14: Факт выполнения за СЕНТЯБРЬ 2024 | K14: Исполнитель (ФИО) | N14: Отработано на 30.09.2024 | P14: % выполнения операции на конец месяца | Q14: Остаток на конец месяца н/ч | R14: Отклонение на конец месяца
A15: п/п | E15: расценка за операцию (руб.) | F15: нормо-час (н/ч) | G15: (руб.) | H15: (н/ч) | I15: Стоимость (руб.) | J15: факт выполнения (н/ч) | K15: з/плата (сделка) | L15: договор ГПХ | M15: подряд | N15: сумма (руб.) | O15: н/ч. | R15: % | S15: рубли
A16: 1 | B16: Сварка-сборка узлов | C16: =H16/F16 -> 0 | D16: =E16/E$177 -> 0.59600614 | E16: =SUM(E23:E92) -> 332904 | F16: =SUM(F23:F92) -> 776 | G16: =SUM(G23:G92) -> 0 | H16: =SUM(H23:H92) -> 0 | I16: =SUM(I23:I92) -> 0 | J16: =SUM(J23:J92) -> 0 | N16: =SUM(N23:N92) -> 0 | O16: =SUM(O23:O92) -> 0 | P16: =O16/F16 -> 0 | Q16: =F16-O16 -> 776 | R16: =1-N16/E16 -> 1 | S16: =E16-N16 -> 332904
A23: 1.1. | B23: Рама опорная 58Е-ТВ.40.00.00-02: 58Е-ТВ.40.01.00 Балка/58Е-ТВ.40.01.00-01 Балка 58Е-ТВ.40.02.00 Балка задних опор 58Е-ТВ.40.03.00-01 Опора 58Б-ТВ.40.12.00 Кронштейн 58Г-ТВ.40.00.40 Кронштейн ручного насоса 58Б-ТВ.00.10.00 Кронштейн 58Б-ТВ.40.12.00 Кронштейн 58Д-ТВ.40.02.10 Кронштейн/58Д-ТВ.40.02.10-01 Кронштейн | C23: =H23/F23 -> 0 | E23: =F23*429 -> 46332 | F23: 108 | G23: =август!N23 -> 0 | H23: =август!O23 -> 0 | I23: =E23/F23*J23 -> 0 | N23: =G23+SUM(I23:I29) -> 0 | O23: =H23+SUM(J23:J29) -> 0 | P23: =O23/F23 -> 0 | Q23: =F23-O23 -> 108 | R23: =1-N23/E23 -> 1 | S23: =E23-N23 -> 46332
I24: =E23/F23*J24 -> 0
I25: =E23/F23*J25 -> 0
I26: =E23/F23*J26 -> 0
I27: =E23/F23*J27 -> 0
I28: =E23/F23*J28 -> 0
I29: =E23/F23*J29 -> 0
A30: 1.2. | B30: Аутригеры 58Е-ТВ.42.00.00: 58Е-ТВ.40.06.00 Кронштейн 58Е-ТВ.40.08.00 Опора 58Е-ТВ.42.01.00 Балка передняя 58Е-ТВ.42.02.00 Балка задняя 58Е-ТВ.40.05.00 Кронштейн | C30: =H30/F30 -> 0 | E30: =F30*429 -> 41184 | F30: 96 | G30: =август!N30 -> 0 | H30: =август!O30 -> 0 | I30: =E30/F30*J30 -> 0 | N30: =G30+SUM(I30:I36) -> 0 | O30: =H30+SUM(J30:J36) -> 0 | P30: =O30/F30 -> 0 | Q30: =F30-O30 -> 96 | R30: =1-N30/E30 -> 1 | S30: =E30-N30 -> 41184
I31: =E30/F30*J31 -> 0
I32: =E30/F30*J32 -> 0
I33: =E30/F30*J33 -> 0
I34: =E30/F30*J34 -> 0
I35: =E30/F30*J35 -> 0
I36: =E30/F30*J36 -> 0
A37: 1.3. | B37: Элементы: /Пульт оператора 58Е-ТВ.10.20.00, /Бампер 58Е-ТВ.28.110.00 /Ящики задние 58Е-ТВ.28.10.00_58Е-ТВ.28.20.00 /площадка оператора 58Е-ТВ.10.25.00 /кронштейн сидения оператора 58Е-ТВ.28.30.10 /крылья 58Е-ТВ.01.50.00 /колпаки 58Е-ТВ.10.100.00 /стойка 58Е-ТВ.28.40.00 /маслобак 58А-ТВ.12.10.00 /кронштейн транспортного положения стрелы 58Е-ТВ.50.40.74-84 (6 поз.) /кронштейны под элементы гидравлики в поворотной колонне, раме, /Лестница 58Е-ТВ.28.70.00 (боковые ступени) | C37: =H37/F37 -> 0 | E37: =F37*429 -> 71214 | F37: 166 | G37: =август!N37 -> 0 | H37: =август!O37 -> 0 | I37: =E37/F37*J37 -> 0 | N37: =G37+SUM(I37:I43) -> 0 | O37: =H37+SUM(J37:J43) -> 0 | P37: =O37/F37 -> 0 | Q37: =F37-O37 -> 166 | R37: =1-N37/E37 -> 1 | S37: =E37-N37 -> 71214
I38: =E37/F37*J38 -> 0
I39: =E37/F37*J39 -> 0
I40: =E37/F37*J40 -> 0
I41: =E37/F37*J41 -> 0
I42: =E37/F37*J42 -> 0
I43: =E37/F37*J43 -> 0
A44: 1.4. | B44: Поворотная колонна 58Е-ТВ.46.01.00: 58Д-ТВ.45.10.20 Кронштейн 58Е-ТВ.46.01.10 Балка 58Е-ТВ.46.10.10 Боковина правая 58Е-ТВ.46.10.10-01 Боковина левая | C44: =H44/F44 -> 0 | D44: =E44/E$177 -> 0.052227343 | E44: =F44*429 -> 29172 | F44: 68 | G44: =август!N44 -> 0 | H44: =август!O44 -> 0 | I44: =E44/F44*J44 -> 0 | N44: =G44+SUM(I44:I50) -> 0 | O44: =H44+SUM(J44:J50) -> 0 | P44: =O44/F44 -> 0 | Q44: =F44-O44 -> 68 | R44: =1-N44/E44 -> 1 | S44: =E44-N44 -> 29172
I45: =E44/F44*J45 -> 0
I46: =E44/F44*J46 -> 0
I47: =E44/F44*J47 -> 0
I48: =E44/F44*J48 -> 0
I49: =E44/F44*J49 -> 0
I50: =E44/F44*J50 -> 0
A51: 1.5. | B51: Колено 1 58Е-ТВ.50.10.10 | C51: =H51/F51 -> 0 | D51: =E51/E$177 -> 0.05453149 | E51: =F51*429 -> 30459 | F51: =68+3 -> 71 | G51: =август!N51 -> 0 | H51: =август!O51 -> 0 | I51: =E51/F51*J51 -> 0 | N51: =G51+SUM(I51:I57) -> 0 | O51: =H51+SUM(J51:J57) -> 0 | P51: =O51/F51 -> 0 | Q51: =F51-O51 -> 71 | R51: =1-N51/E51 -> 1 | S51: =E51-N51 -> 30459
I52: =E51/F51*J52 -> 0
I53: =E51/F51*J53 -> 0
I54: =E51/F51*J54 -> 0
I55: =E51/F51*J55 -> 0
I56: =E51/F51*J56 -> 0
I57: =E51/F51*J57 -> 0
A58: 1.6. | B58: Колено 2 58Е-ТВ.50.20.20 | C58: =H58/F58 -> 0 | D58: =E58/E$177 -> 0.05453149 | E58: =F58*429 -> 30459 | F58: =68+3 -> 71 | G58: =август!N58 -> 0 | H58: =август!O58 -> 0 | I58: =E58/F58*J58 -> 0 | N58: =G58+SUM(I58:I64) -> 0 | O58: =H58+SUM(J58:J64) -> 0 | P58: =O58/F58 -> 0 | Q58: =F58-O58 -> 71 | R58: =1-N58/E58 -> 1 | S58: =E58-N58 -> 30459
I59: =E58/F58*J59 -> 0
I60: =E58/F58*J60 -> 0
I61: =E58/F58*J61 -> 0
I62: =E58/F58*J62 -> 0
I63: =E58/F58*J63 -> 0
I64: =E58/F58*J64 -> 0
A65: 1.7. | B65: Колено 3 58Е-ТВ.50.30.30 | C65: =H65/F65 -> 0 | D65: =E65/E$177 -> 0.05453149 | E65: =F65*429 -> 30459 | F65: =68+3 -> 71 | G65: =август!N65 -> 0 | H65: =август!O65 -> 0 | I65: =E65/F65*J65 -> 0 | N65: =G65+SUM(I65:I71) -> 0 | O65: =H65+SUM(J65:J71) -> 0 | P65: =O65/F65 -> 0 | Q65: =F65-O65 -> 71 | R65: =1-N65/E65 -> 1 | S65: =E65-N65 -> 30459
I66: =E65/F65*J66 -> 0
I67: =E65/F65*J67 -> 0
I68: =E65/F65*J68 -> 0
I69: =E65/F65*J69 -> 0
I70: =E65/F65*J70 -> 0
I71: =E65/F65*J71 -> 0
A72: 1.8. | B72: Колено 4 58Е-ТВ.50.40.40 | C72: =H72/F72 -> 0 | D72: =E72/E$177 -> 0.062211982 | E72: =F72*429 -> 34749 | F72: =78+3 -> 81 | G72: =август!N72 -> 0 | H72: =август!O72 -> 0 | I72: =E72/F72*J72 -> 0 | N72: =G72+SUM(I72:I78) -> 0 | O72: =H72+SUM(J72:J78) -> 0 | P72: =O72/F72 -> 0 | Q72: =F72-O72 -> 81 | R72: =1-N72/E72 -> 1 | S72: =E72-N72 -> 34749
I73: =E72/F72*J73 -> 0
I74: =E72/F72*J74 -> 0
I75: =E72/F72*J75 -> 0
I76: =E72/F72*J76 -> 0
I77: =E72/F72*J77 -> 0
I78: =E72/F72*J78 -> 0
A79: 1.9. | B79: Перекатное устройство (Установка перекатного устройства 58Е-ТВ.32.00.00): 58Е-ТВ.32.10.00 Желоб 58Е-ТВ.32.11.00 Желоб 58Е-ТВ.32.25.00/32.30.00/32.80.00 Кронштейны | C79: =H79/F79 -> 0 | D79: =E79/E$177 -> 0.012288786 | E79: =F79*429 -> 6864 | F79: 16 | G79: =август!N79 -> 0 | H79: =август!O79 -> 0 | I79: =E79/F79*J79 -> 0 | N79: =G79+SUM(I79:I85) -> 0 | O79: =H79+SUM(J79:J85) -> 0 | P79: =O79/F79 -> 0 | Q79: =F79-O79 -> 16 | R79: =1-N79/E79 -> 1 | S79: =E79-N79 -> 6864
I80: =E79/F79*J80 -> 0
I81: =E79/F79*J81 -> 0
I82: =E79/F79*J82 -> 0
I83: =E79/F79*J83 -> 0
I84: =E79/F79*J84 -> 0
I85: =E79/F79*J85 -> 0
A86: 1.10. | B86: Кронштейны люльки 2 шт. (Кронштейн навески 58Е-ТВ.25.10.10, Кронштейн поворота 58Е-ТВ.25.15.00) | C86: =H86/F86 -> 0 | D86: =E86/E$177 -> 0.021505376 | E86: =F86*429 -> 12012 | F86: 28 | G86: =август!N86 -> 0 | H86: =август!O86 -> 0 | I86: =E86/F86*J86 -> 0 | N86: =G86+SUM(I86:I92) -> 0 | O86: =H86+SUM(J86:J92) -> 0 | P86: =O86/F86 -> 0 | Q86: =F86-O86 -> 28 | R86: =1-N86/E86 -> 1 | S86: =E86-N86 -> 12012
I87: =E86/F86*J87 -> 0
I88: =E86/F86*J88 -> 0
I89: =E86/F86*J89 -> 0
I90: =E86/F86*J90 -> 0
I91: =E86/F86*J91 -> 0
I92: =E86/F86*J92 -> 0
A93: 2 | B93: Сборка машины | C93: =H93/F93 -> 0 | D93: =E93/E$177 -> 0.40399386 | E93: =SUM(E100:E176) -> 225654 | F93: =SUM(F100:F176) -> 526 | G93: =SUM(G100:G176) -> 0 | H93: =SUM(H100:H176) -> 0 | I93: =SUM(I100:I176) -> 0 | J93: =SUM(J100:J176) -> 0 | N93: =SUM(N100:N176) -> 0 | O93: =SUM(O100:O176) -> 0 | P93: =O93/F93 -> 0 | Q93: =F93-O93 -> 526 | R93: =1-N93/E93 -> 1 | S93: =E93-N93 -> 225654
V94: МАШИНА
A100: 2.1. | B100: Шасси подготовленное 58Е-ТВ.01.00.00 | C100: =H100/F100 -> 0 | D100: =E100/E$177 -> 0.064516129 | E100: =F100*429 -> 36036 | F100: 84 | G100: =август!N100 -> 0 | H100: =август!O100 -> 0 | I100: =E100/F100*J100 -> 0 | N100: =G100+SUM(I100:I106) -> 0 | O100: =H100+SUM(J100:J106) -> 0 | P100: =O100/F100 -> 0 | Q100: =F100-O100 -> 84 | R100: =1-N100/E100 -> 1 | S100: =E100-N100 -> 36036
I101: =E100/F100*J101 -> 0
I102: =E100/F100*J102 -> 0
I103: =E100/F100*J103 -> 0
I104: =E100/F100*J104 -> 0
I105: =E100/F100*J105 -> 0
I106: =E100/F100*J106 -> 0
A107: 2.2. | B107: Маслобак 58А-ТВ.12.10.00 (проверка, сборка, установка) | C107: =H107/F107 -> 0 | D107: =E107/E$177 -> 0.0076804916 | E107: =F107*429 -> 4290 | F107: 10 | G107: =август!N107 -> 0 | H107: =август!O107 -> 0 | I107: =E107/F107*J107 -> 0 | N107: =G107+SUM(I107:I113) -> 0 | O107: =H107+SUM(J107:J113) -> 0 | P107: =O107/F107 -> 0 | Q107: =F107-O107 -> 10 | R107: =1-N107/E107 -> 1 | S107: =E107-N107 -> 4290
I108: =E107/F107*J108 -> 0
I109: =E107/F107*J109 -> 0
I110: =E107/F107*J110 -> 0
I111: =E107/F107*J111 -> 0
I112: =E107/F107*J112 -> 0
I113: =E107/F107*J113 -> 0
A114: 2.3. | B114: Установка рамы опорной 58Е-ТВ.41.00.00 | C114: =H114/F114 -> 0 | D114: =E114/E$177 -> 0.013824885 | E114: =F114*429 -> 7722 | F114: 18 | G114: =август!N114 -> 0 | H114: =август!O114 -> 0 | I114: =E114/F114*J114 -> 0 | N114: =G114+SUM(I114:I120) -> 0 | O114: =H114+SUM(J114:J120) -> 0 | P114: =O114/F114 -> 0 | Q114: =F114-O114 -> 18 | R114: =1-N114/E114 -> 1 | S114: =E114-N114 -> 7722
...

Sheet октябрь
B1: ООО "ПК "Техинком-Центр"
A3: Наряд на оплату труда №_____ от "___" _______________20___г.
F4: Изделие : | H4: =C6 -> ПСС-131.22Э (С42А43) 58Е-ТВ Садко НЕКСТ
B6: Продукция: | C6: =июль!C6 -> ПСС-131.22Э (С42А43) 58Е-ТВ Садко НЕКСТ
B7: Подразделение: высотная техника
B8: Заводской номер: | C8: =июль!C8 -> №011
B9: Количество: | F9: 1 | G9: шт.
B10: Общий фонд по машине | F10: =E177 -> 558558 | G10: руб.
B11: Трудоемкость | F11: =F177 -> 1302 | G11: н/час
B12: Стоимость н/ч (руб) | F12: =E177/F177 -> 429 | G12: руб.
A14: № | B14: Наименование операции | C14: % выполнения операции на начало месяца | D14: Справочно % от суммы наряда | E14: Утвержденные расценки и н/ч | G14: Факт выполнения нарастающим итогом на 01.10.2024 | I14: Факт выполнения за ОКТЯБРЯ 2024 | K14: Исполнитель (ФИО) | N14: Отработано на 31.10.2024 | P14: % выполнения операции на конец месяца | Q14: Остаток на конец месяца н/ч | R14: Отклонение на конец месяца
A15: п/п | E15: расценка за операцию (руб.) | F15: нормо-час (н/ч) | G15: (руб.) | H15: (н/ч) | I15: Стоимость (руб.) | J15: факт выполнения (н/ч) | K15: з/плата (сделка) | L15: договор ГПХ | M15: подряд | N15: сумма (руб.) | O15: н/ч. | R15: % | S15: рубли
A16: 1 | B16: Сварка-сборка узлов | C16: =H16/F16 -> 0 | D16: =E16/E$177 -> 0.59600614 | E16: =SUM(E23:E92) -> 332904 | F16: =SUM(F23:F92) -> 776 | G16: =SUM(G23:G92) -> 0 | H16: =SUM(H23:H92) -> 0 | I16: =SUM(I23:I92) -> 0 | J16: =SUM(J23:J92) -> 0 | N16: =SUM(N23:N92) -> 0 | O16: =SUM(O23:O92) -> 0 | P16: =O16/F16 -> 0 | Q16: =F16-O16 -> 776 | R16: =1-N16/E16 -> 1 | S16: =E16-N16 -> 332904
A23: 1.1. | B23: Рама опорная 58Е-ТВ.40.00.00-02: 58Е-ТВ.40.01.00 Балка/58Е-ТВ.40.01.00-01 Балка 58Е-ТВ.40.02.00 Балка задних опор 58Е-ТВ.40.03.00-01 Опора 58Б-ТВ.40.12.00 Кронштейн 58Г-ТВ.40.00.40 Кронштейн ручного насоса 58Б-ТВ.00.10.00 Кронштейн 58Б-ТВ.40.12.00 Кронштейн 58Д-ТВ.40.02.10 Кронштейн/58Д-ТВ.40.02.10-01 Кронштейн | C23: =H23/F23 -> 0 | E23: =F23*429 -> 46332 | F23: 108 | G23: =сентябрь!N23 -> 0 | H23: =сентябрь!O23 -> 0 | I23: =E23/F23*J23 -> 0 | N23: =G23+SUM(I23:I29) -> 0 | O23: =H23+SUM(J23:J29) -> 0 | P23: =O23/F23 -> 0 | Q23: =F23-O23 -> 108 | R23: =1-N23/E23 -> 1 | S23: =E23-N23 -> 46332
I24: =E23/F23*J24 -> 0
I25: =E23/F23*J25 -> 0
I26: =E23/F23*J26 -> 0
I27: =E23/F23*J27 -> 0
I28: =E23/F23*J28 -> 0
I29: =E23/F23*J29 -> 0
A30: 1.2. | B30: Аутригеры 58Е-ТВ.42.00.00: 58Е-ТВ.40.06.00 Кронштейн 58Е-ТВ.40.08.00 Опора 58Е-ТВ.42.01.00 Балка передняя 58Е-ТВ.42.02.00 Балка задняя 58Е-ТВ.40.05.00 Кронштейн | C30: =H30/F30 -> 0 | E30: =F30*429 -> 41184 | F30: 96 | G30: =сентябрь!N30 -> 0 | H30: =сентябрь!O30 -> 0 | I30: =E30/F30*J30 -> 0 | N30: =G30+SUM(I30:I36) -> 0 | O30: =H30+SUM(J30:J36) -> 0 | P30: =O30/F30 -> 0 | Q30: =F30-O30 -> 96 | R30: =1-N30/E30 -> 1 | S30: =E30-N30 -> 41184
I31: =E30/F30*J31 -> 0
I32: =E30/F30*J32 -> 0
I33: =E30/F30*J33 -> 0
I34: =E30/F30*J34 -> 0
I35: =E30/F30*J35 -> 0
I36: =E30/F30*J36 -> 0
A37: 1.3. | B37: Элементы: /Пульт оператора 58Е-ТВ.10.20.00, /Бампер 58Е-ТВ.28.110.00 /Ящики задние 58Е-ТВ.28.10.00_58Е-ТВ.28.20.00 /площадка оператора 58Е-ТВ.10.25.00 /кронштейн сидения оператора 58Е-ТВ.28.30.10 /крылья 58Е-ТВ.01.50.00 /колпаки 58Е-ТВ.10.100.00 /стойка 58Е-ТВ.28.40.00 /маслобак 58А-ТВ.12.10.00 /кронштейн транспортного положения стрелы 58Е-ТВ.50.40.74-84 (6 поз.) /кронштейны под элементы гидравлики в поворотной колонне, раме, /Лестница 58Е-ТВ.28.70.00 (боковые ступени) | C37: =H37/F37 -> 0 | E37: =F37*429 -> 71214 | F37: 166 | G37: =сентябрь!N37 -> 0 | H37: =сентябрь!O37 -> 0 | I37: =E37/F37*J37 -> 0 | N37: =G37+SUM(I37:I43) -> 0 | O37: =H37+SUM(J37:J43) -> 0 | P37: =O37/F37 -> 0 | Q37: =F37-O37 -> 166 | R37: =1-N37/E37 -> 1 | S37: =E37-N37 -> 71214
I38: =E37/F37*J38 -> 0
I39: =E37/F37*J39 -> 0
I40: =E37/F37*J40 -> 0
I41: =E37/F37*J41 -> 0
I42: =E37/F37*J42 -> 0
I43: =E37/F37*J43 -> 0
A44: 1.4. | B44: Поворотная колонна 58Е-ТВ.46.01.00: 58Д-ТВ.45.10.20 Кронштейн 58Е-ТВ.46.01.10 Балка 58Е-ТВ.46.10.10 Боковина правая 58Е-ТВ.46.10.10-01 Боковина левая | C44: =H44/F44 -> 0 | D44: =E44/E$177 -> 0.052227343 | E44: =F44*429 -> 29172 | F44: 68 | G44: =сентябрь!N44 -> 0 | H44: =сентябрь!O44 -> 0 | I44: =E44/F44*J44 -> 0 | N44: =G44+SUM(I44:I50) -> 0 | O44: =H44+SUM(J44:J50) -> 0 | P44: =O44/F44 -> 0 | Q44: =F44-O44 -> 68 | R44: =1-N44/E44 -> 1 | S44: =E44-N44 -> 29172
I45: =E44/F44*J45 -> 0
I46: =E44/F44*J46 -> 0
I47: =E44/F44*J47 -> 0
I48: =E44/F44*J48 -> 0
I49: =E44/F44*J49 -> 0
I50: =E44/F44*J50 -> 0
A51: 1.5. | B51: Колено 1 58Е-ТВ.50.10.10 | C51: =H51/F51 -> 0 | D51: =E51/E$177 -> 0.05453149 | E51: =F51*429 -> 30459 | F51: =68+3 -> 71 | G51: =сентябрь!N51 -> 0 | H51: =сентябрь!O51 -> 0 | I51: =E51/F51*J51 -> 0 | N51: =G51+SUM(I51:I57) -> 0 | O51: =H51+SUM(J51:J57) -> 0 | P51: =O51/F51 -> 0 | Q51: =F51-O51 -> 71 | R51: =1-N51/E51 -> 1 | S51: =E51-N51 -> 30459
I52: =E51/F51*J52 -> 0
I53: =E51/F51*J53 -> 0
I54: =E51/F51*J54 -> 0
I55: =E51/F51*J55 -> 0
I56: =E51/F51*J56 -> 0
I57: =E51/F51*J57 -> 0
A58: 1.6. | B58: Колено 2 58Е-ТВ.50.20.20 | C58: =H58/F58 -> 0 | D58: =E58/E$177 -> 0.05453149 | E58: =F58*429 -> 30459 | F58: =68+3 -> 71 | G58: =сентябрь!N58 -> 0 | H58: =сентябрь!O58 -> 0 | I58: =E58/F58*J58 -> 0 | N58: =G58+SUM(I58:I64) -> 0 | O58: =H58+SUM(J58:J64) -> 0 | P58: =O58/F58 -> 0 | Q58: =F58-O58 -> 71 | R58: =1-N58/E58 -> 1 | S58: =E58-N58 -> 30459
I59: =E58/F58*J59 -> 0
I60: =E58/F58*J60 -> 0
I61: =E58/F58*J61 -> 0
I62: =E58/F58*J62 -> 0
I63: =E58/F58*J63 -> 0
I64: =E58/F58*J64 -> 0
A65: 1.7. | B65: Колено 3 58Е-ТВ.50.30.30 | C65: =H65/F65 -> 0 | D65: =E65/E$177 -> 0.05453149 | E65: =F65*429 -> 30459 | F65: =68+3 -> 71 | G65: =сентябрь!N65 -> 0 | H65: =сентябрь!O65 -> 0 | I65: =E65/F65*J65 -> 0 | N65: =G65+SUM(I65:I71) -> 0 | O65: =H65+SUM(J65:J71) -> 0 | P65: =O65/F65 -> 0 | Q65: =F65-O65 -> 71 | R65: =1-N65/E65 -> 1 | S65: =E65-N65 -> 30459
I66: =E65/F65*J66 -> 0
I67: =E65/F65*J67 -> 0
I68: =E65/F65*J68 -> 0
I69: =E65/F65*J69 -> 0
I70: =E65/F65*J70 -> 0
I71: =E65/F65*J71 -> 0
A72: 1.8. | B72: Колено 4 58Е-ТВ.50.40.40 | C72: =H72/F72 -> 0 | D72: =E72/E$177 -> 0.062211982 | E72: =F72*429 -> 34749 | F72: =78+3 -> 81 | G72: =сентябрь!N72 -> 0 | H72: =сентябрь!O72 -> 0 | I72: =E72/F72*J72 -> 0 | N72: =G72+SUM(I72:I78) -> 0 | O72: =H72+SUM(J72:J78) -> 0 | P72: =O72/F72 -> 0 | Q72: =F72-O72 -> 81 | R72: =1-N72/E72 -> 1 | S72: =E72-N72 -> 34749
I73: =E72/F72*J73 -> 0
I74: =E72/F72*J74 -> 0
I75: =E72/F72*J75 -> 0
I76: =E72/F72*J76 -> 0
I77: =E72/F72*J77 -> 0
I78: =E72/F72*J78 -> 0
A79: 1.9. | B79: Перекатное устройство (Установка перекатного устройства 58Е-ТВ.32.00.00): 58Е-ТВ.32.10.00 Желоб 58Е-ТВ.32.11.00 Желоб 58Е-ТВ.32.25.00/32.30.00/32.80.00 Кронштейны | C79: =H79/F79 -> 0 | D79: =E79/E$177 -> 0.012288786 | E79: =F79*429 -> 6864 | F79: 16 | G79: =сентябрь!N79 -> 0 | H79: =сентябрь!O79 -> 0 | I79: =E79/F79*J79 -> 0 | N79: =G79+SUM(I79:I85) -> 0 | O79: =H79+SUM(J79:J85) -> 0 | P79: =O79/F79 -> 0 | Q79: =F79-O79 -> 16 | R79: =1-N79/E79 -> 1 | S79: =E79-N79 -> 6864
I80: =E79/F79*J80 -> 0
I81: =E79/F79*J81 -> 0
I82: =E79/F79*J82 -> 0
I83: =E79/F79*J83 -> 0
I84: =E79/F79*J84 -> 0
I85: =E79/F79*J85 -> 0
A86: 1.10. | B86: Кронштейны люльки 2 шт. (Кронштейн навески 58Е-ТВ.25.10.10, Кронштейн поворота 58Е-ТВ.25.15.00) | C86: =H86/F86 -> 0 | D86: =E86/E$177 -> 0.021505376 | E86: =F86*429 -> 12012 | F86: 28 | G86: =сентябрь!N86 -> 0 | H86: =сентябрь!O86 -> 0 | I86: =E86/F86*J86 -> 0 | N86: =G86+SUM(I86:I92) -> 0 | O86: =H86+SUM(J86:J92) -> 0 | P86: =O86/F86 -> 0 | Q86: =F86-O86 -> 28 | R86: =1-N86/E86 -> 1 | S86: =E86-N86 -> 12012
I87: =E86/F86*J87 -> 0
I88: =E86/F86*J88 -> 0
I89: =E86/F86*J89 -> 0
I90: =E86/F86*J90 -> 0
I91: =E86/F86*J91 -> 0
I92: =E86/F86*J92 -> 0
A93: 2 | B93: Сборка машины | C93: =H93/F93 -> 0 | D93: =E93/E$177 -> 0.40399386 | E93: =SUM(E100:E176) -> 225654 | F93: =SUM(F100:F176) -> 526 | G93: =SUM(G100:G176) -> 0 | H93: =SUM(H100:H176) -> 0 | I93: =SUM(I100:I176) -> 0 | J93: =SUM(J100:J176) -> 0 | N93: =SUM(N100:N176) -> 0 | O93: =SUM(O100:O176) -> 0 | P93: =O93/F93 -> 0 | Q93: =F93-O93 -> 526 | R93: =1-N93/E93 -> 1 | S93: =E93-N93 -> 225654
V94: МАШИНА
A100: 2.1. | B100: Шасси подготовленное 58Е-ТВ.01.00.00 | C100: =H100/F100 -> 0 | D100: =E100/E$177 -> 0.064516129 | E100: =F100*429 -> 36036 | F100: 84 | G100: =сентябрь!N100 -> 0 | H100: =сентябрь!O100 -> 0 | I100: =E100/F100*J100 -> 0 | N100: =G100+SUM(I100:I106) -> 0 | O100: =H100+SUM(J100:J106) -> 0 | P100: =O100/F100 -> 0 | Q100: =F100-O100 -> 84 | R100: =1-N100/E100 -> 1 | S100: =E100-N100 -> 36036
I101: =E100/F100*J101 -> 0
I102: =E100/F100*J102 -> 0
I103: =E100/F100*J103 -> 0 | T103: 22м. 58Е-ТВ Садко - 84ч. | W103: Некст 54ч.
I104: =E100/F100*J104 -> 0 | T104: 18м. Садко - 69ч. | W104: Некст 54ч.
I105: =E100/F100*J105 -> 0
I106: =E100/F100*J106 -> 0
A107: 2.2. | B107: Маслобак 58А-ТВ.12.10.00 (проверка, сборка, установка) | C107: =H107/F107 -> 0 | D107: =E107/E$177 -> 0.0076804916 | E107: =F107*429 -> 4290 | F107: 10 | G107: =сентябрь!N107 -> 0 | H107: =сентябрь!O107 -> 0 | I107: =E107/F107*J107 -> 0 | N107: =G107+SUM(I107:I113) -> 0 | O107: =H107+SUM(J107:J113) -> 0 | P107: =O107/F107 -> 0 | Q107: =F107-O107 -> 10 | R107: =1-N107/E107 -> 1 | S107: =E107-N107 -> 4290
I108: =E107/F107*J108 -> 0
I109: =E107/F107*J109 -> 0
I110: =E107/F107*J110 -> 0
I111: =E107/F107*J111 -> 0
I112: =E107/F107*J112 -> 0
I113: =E107/F107*J113 -> 0
A114: 2.3. | B114: Установка рамы опорной 58Е-ТВ.41.00.00 | C114: =H114/F114 -> 0 | D114: =E114/E$177 -> 0.013824885 | E114: =F114*429 -> 7722 | F114: 18 | G114: =сентябрь!N114 -> 0 | H114: =сентябрь!O114 -> 0 | I114: =E114/F114*J114 -> 0 | N114: =G114+SUM(I114:I120) -> 0 | O114: =H114+SUM(J114:J120) -> 0 | P114: =O114/F114 -> 0 | Q114: =F114-O114 -> 18 | R114: =1-N114/E114 -> 1 | S114: =E114-N114 -> 7722
...

Sheet ноябрь
B1: ООО "ПК "Техинком-Центр"
A3: Наряд на оплату труда №_____ от "___" _______________20___г.
F4: Изделие : | H4: =C6 -> ПСС-131.22Э (С42А43) 58Е-ТВ Садко НЕКСТ
B6: Продукция: | C6: =июль!C6 -> ПСС-131.22Э (С42А43) 58Е-ТВ Садко НЕКСТ
B7: Подразделение: высотная техника
B8: Заводской номер: | C8: =июль!C8 -> №011
B9: Количество: | F9: 1 | G9: шт.
B10: Общий фонд по машине | F10: =E177 -> 558558 | G10: руб.
B11: Трудоемкость | F11: =F177 -> 1302 | G11: н/час
B12: Стоимость н/ч (руб) | F12: =E177/F177 -> 429 | G12: руб.
A14: № | B14: Наименование операции | C14: % выполнения операции на начало месяца | D14: Справочно % от суммы наряда | E14: Утвержденные расценки и н/ч | G14: Факт выполнения нарастающим итогом на 01.11.2024 | I14: Факт выполнения за НОЯБРЯ 2024 | K14: Исполнитель (ФИО) | N14: Отработано на 30.11.2024 | P14: % выполнения операции на конец месяца | Q14: Остаток на конец месяца н/ч | R14: Отклонение на конец месяца
A15: п/п | E15: расценка за операцию (руб.) | F15: нормо-час (н/ч) | G15: (руб.) | H15: (н/ч) | I15: Стоимость (руб.) | J15: факт выполнения (н/ч) | K15: з/плата (сделка) | L15: договор ГПХ | M15: подряд | N15: сумма (руб.) | O15: н/ч. | R15: % | S15: рубли
A16: 1 | B16: Сварка-сборка узлов | C16: =H16/F16 -> 0 | D16: =E16/E$177 -> 0.59600614 | E16: =SUM(E23:E92) -> 332904 | F16: =SUM(F23:F92) -> 776 | G16: =SUM(G23:G92) -> 0 | H16: =SUM(H23:H92) -> 0 | I16: =SUM(I23:I92) -> 0 | J16: =SUM(J23:J92) -> 0 | N16: =SUM(N23:N92) -> 0 | O16: =SUM(O23:O92) -> 0 | P16: =O16/F16 -> 0 | Q16: =F16-O16 -> 776 | R16: =1-N16/E16 -> 1 | S16: =E16-N16 -> 332904
A23: 1.1. | B23: Рама опорная 58Е-ТВ.40.00.00-02: 58Е-ТВ.40.01.00 Балка/58Е-ТВ.40.01.00-01 Балка 58Е-ТВ.40.02.00 Балка задних опор 58Е-ТВ.40.03.00-01 Опора 58Б-ТВ.40.12.00 Кронштейн 58Г-ТВ.40.00.40 Кронштейн ручного насоса 58Б-ТВ.00.10.00 Кронштейн 58Б-ТВ.40.12.00 Кронштейн 58Д-ТВ.40.02.10 Кронштейн/58Д-ТВ.40.02.10-01 Кронштейн | C23: =H23/F23 -> 0 | E23: =F23*429 -> 46332 | F23: 108 | G23: =октябрь!N23 -> 0 | H23: =октябрь!O23 -> 0 | I23: =E23/F23*J23 -> 0 | N23: =G23+SUM(I23:I29) -> 0 | O23: =H23+SUM(J23:J29) -> 0 | P23: =O23/F23 -> 0 | Q23: =F23-O23 -> 108 | R23: =1-N23/E23 -> 1 | S23: =E23-N23 -> 46332
I24: =E23/F23*J24 -> 0
I25: =E23/F23*J25 -> 0
I26: =E23/F23*J26 -> 0
I27: =E23/F23*J27 -> 0
I28: =E23/F23*J28 -> 0
I29: =E23/F23*J29 -> 0
A30: 1.2. | B30: Аутригеры 58Е-ТВ.42.00.00: 58Е-ТВ.40.06.00 Кронштейн 58Е-ТВ.40.08.00 Опора 58Е-ТВ.42.01.00 Балка передняя 58Е-ТВ.42.02.00 Балка задняя 58Е-ТВ.40.05.00 Кронштейн | C30: =H30/F30 -> 0 | E30: =F30*429 -> 41184 | F30: 96 | G30: =октябрь!N30 -> 0 | H30: =октябрь!O30 -> 0 | I30: =E30/F30*J30 -> 0 | N30: =G30+SUM(I30:I36) -> 0 | O30: =H30+SUM(J30:J36) -> 0 | P30: =O30/F30 -> 0 | Q30: =F30-O30 -> 96 | R30: =1-N30/E30 -> 1 | S30: =E30-N30 -> 41184
I31: =E30/F30*J31 -> 0
I32: =E30/F30*J32 -> 0
I33: =E30/F30*J33 -> 0
I34: =E30/F30*J34 -> 0
I35: =E30/F30*J35 -> 0
I36: =E30/F30*J36 -> 0
A37: 1.3. | B37: Элементы: /Пульт оператора 58Е-ТВ.10.20.00, /Бампер 58Е-ТВ.28.110.00 /Ящики задние 58Е-ТВ.28.10.00_58Е-ТВ.28.20.00 /площадка оператора 58Е-ТВ.10.25.00 /кронштейн сидения оператора 58Е-ТВ.28.30.10 /крылья 58Е-ТВ.01.50.00 /колпаки 58Е-ТВ.10.100.00 /стойка 58Е-ТВ.28.40.00 /маслобак 58А-ТВ.12.10.00 /кронштейн транспортного положения стрелы 58Е-ТВ.50.40.74-84 (6 поз.) /кронштейны под элементы гидравлики в поворотной колонне, раме, /Лестница 58Е-ТВ.28.70.00 (боковые ступени) | C37: =H37/F37 -> 0 | E37: =F37*429 -> 71214 | F37: 166 | G37: =октябрь!N37 -> 0 | H37: =октябрь!O37 -> 0 | I37: =E37/F37*J37 -> 0 | N37: =G37+SUM(I37:I43) -> 0 | O37: =H37+SUM(J37:J43) -> 0 | P37: =O37/F37 -> 0 | Q37: =F37-O37 -> 166 | R37: =1-N37/E37 -> 1 | S37: =E37-N37 -> 71214
I38: =E37/F37*J38 -> 0
I39: =E37/F37*J39 -> 0
I40: =E37/F37*J40 -> 0
I41: =E37/F37*J41 -> 0
I42: =E37/F37*J42 -> 0
I43: =E37/F37*J43 -> 0
A44: 1.4. | B44: Поворотная колонна 58Е-ТВ.46.01.00: 58Д-ТВ.45.10.20 Кронштейн 58Е-ТВ.46.01.10 Балка 58Е-ТВ.46.10.10 Боковина правая 58Е-ТВ.46.10.10-01 Боковина левая | C44: =H44/F44 -> 0 | D44: =E44/E$177 -> 0.052227343 | E44: =F44*429 -> 29172 | F44: 68 | G44: =октябрь!N44 -> 0 | H44: =октябрь!O44 -> 0 | I44: =E44/F44*J44 -> 0 | N44: =G44+SUM(I44:I50) -> 0 | O44: =H44+SUM(J44:J50) -> 0 | P44: =O44/F44 -> 0 | Q44: =F44-O44 -> 68 | R44: =1-N44/E44 -> 1 | S44: =E44-N44 -> 29172
I45: =E44/F44*J45 -> 0
I46: =E44/F44*J46 -> 0
I47: =E44/F44*J47 -> 0
I48: =E44/F44*J48 -> 0
I49: =E44/F44*J49 -> 0
I50: =E44/F44*J50 -> 0
A51: 1.5. | B51: Колено 1 58Е-ТВ.50.10.10 | C51: =H51/F51 -> 0 | D51: =E51/E$177 -> 0.05453149 | E51: =F51*429 -> 30459 | F51: =68+3 -> 71 | G51: =октябрь!N51 -> 0 | H51: =октябрь!O51 -> 0 | I51: =E51/F51*J51 -> 0 | N51: =G51+SUM(I51:I57) -> 0 | O51: =H51+SUM(J51:J57) -> 0 | P51: =O51/F51 -> 0 | Q51: =F51-O51 -> 71 | R51: =1-N51/E51 -> 1 | S51: =E51-N51 -> 30459
I52: =E51/F51*J52 -> 0
I53: =E51/F51*J53 -> 0
I54: =E51/F51*J54 -> 0
I55: =E51/F51*J55 -> 0
I56: =E51/F51*J56 -> 0
I57: =E51/F51*J57 -> 0
A58: 1.6. | B58: Колено 2 58Е-ТВ.50.20.20 | C58: =H58/F58 -> 0 | D58: =E58/E$177 -> 0.05453149 | E58: =F58*429 -> 30459 | F58: =68+3 -> 71 | G58: =октябрь!N58 -> 0 | H58: =октябрь!O58 -> 0 | I58: =E58/F58*J58 -> 0 | N58: =G58+SUM(I58:I64) -> 0 | O58: =H58+SUM(J58:J64) -> 0 | P58: =O58/F58 -> 0 | Q58: =F58-O58 -> 71 | R58: =1-N58/E58 -> 1 | S58: =E58-N58 -> 30459
I59: =E58/F58*J59 -> 0
I60: =E58/F58*J60 -> 0
I61: =E58/F58*J61 -> 0
I62: =E58/F58*J62 -> 0
I63: =E58/F58*J63 -> 0
I64: =E58/F58*J64 -> 0
A65: 1.7. | B65: Колено 3 58Е-ТВ.50.30.30 | C65: =H65/F65 -> 0 | D65: =E65/E$177 -> 0.05453149 | E65: =F65*429 -> 30459 | F65: =68+3 -> 71 | G65: =октябрь!N65 -> 0 | H65: =октябрь!O65 -> 0 | I65: =E65/F65*J65 -> 0 | N65: =G65+SUM(I65:I71) -> 0 | O65: =H65+SUM(J65:J71) -> 0 | P65: =O65/F65 -> 0 | Q65: =F65-O65 -> 71 | R65: =1-N65/E65 -> 1 | S65: =E65-N65 -> 30459
I66: =E65/F65*J66 -> 0
I67: =E65/F65*J67 -> 0
I68: =E65/F65*J68 -> 0
I69: =E65/F65*J69 -> 0
I70: =E65/F65*J70 -> 0
I71: =E65/F65*J71 -> 0
A72: 1.8. | B72: Колено 4 58Е-ТВ.50.40.40 | C72: =H72/F72 -> 0 | D72: =E72/E$177 -> 0.062211982 | E72: =F72*429 -> 34749 | F72: =78+3 -> 81 | G72: =октябрь!N72 -> 0 | H72: =октябрь!O72 -> 0 | I72: =E72/F72*J72 -> 0 | N72: =G72+SUM(I72:I78) -> 0 | O72: =H72+SUM(J72:J78) -> 0 | P72: =O72/F72 -> 0 | Q72: =F72-O72 -> 81 | R72: =1-N72/E72 -> 1 | S72: =E72-N72 -> 34749
I73: =E72/F72*J73 -> 0
I74: =E72/F72*J74 -> 0
I75: =E72/F72*J75 -> 0
I76: =E72/F72*J76 -> 0
I77: =E72/F72*J77 -> 0
I78: =E72/F72*J78 -> 0
A79: 1.9. | B79: Перекатное устройство (Установка перекатного устройства 58Е-ТВ.32.00.00): 58Е-ТВ.32.10.00 Желоб 58Е-ТВ.32.11.00 Желоб 58Е-ТВ.32.25.00/32.30.00/32.80.00 Кронштейны | C79: =H79/F79 -> 0 | D79: =E79/E$177 -> 0.012288786 | E79: =F79*429 -> 6864 | F79: 16 | G79: =октябрь!N79 -> 0 | H79: =октябрь!O79 -> 0 | I79: =E79/F79*J79 -> 0 | N79: =G79+SUM(I79:I85) -> 0 | O79: =H79+SUM(J79:J85) -> 0 | P79: =O79/F79 -> 0 | Q79: =F79-O79 -> 16 | R79: =1-N79/E79 -> 1 | S79: =E79-N79 -> 6864
I80: =E79/F79*J80 -> 0
I81: =E79/F79*J81 -> 0
I82: =E79/F79*J82 -> 0
I83: =E79/F79*J83 -> 0
I84: =E79/F79*J84 -> 0
I85: =E79/F79*J85 -> 0
A86: 1.10. | B86: Кронштейны люльки 2 шт. (Кронштейн навески 58Е-ТВ.25.10.10, Кронштейн поворота 58Е-ТВ.25.15.00) | C86: =H86/F86 -> 0 | D86: =E86/E$177 -> 0.021505376 | E86: =F86*429 -> 12012 | F86: 28 | G86: =октябрь!N86 -> 0 | H86: =октябрь!O86 -> 0 | I86: =E86/F86*J86 -> 0 | N86: =G86+SUM(I86:I92) -> 0 | O86: =H86+SUM(J86:J92) -> 0 | P86: =O86/F86 -> 0 | Q86: =F86-O86 -> 28 | R86: =1-N86/E86 -> 1 | S86: =E86-N86 -> 12012
I87: =E86/F86*J87 -> 0
I88: =E86/F86*J88 -> 0
I89: =E86/F86*J89 -> 0
I90: =E86/F86*J90 -> 0
I91: =E86/F86*J91 -> 0
I92: =E86/F86*J92 -> 0
A93: 2 | B93: Сборка машины | C93: =H93/F93 -> 0 | D93: =E93/E$177 -> 0.40399386 | E93: =SUM(E100:E176) -> 225654 | F93: =SUM(F100:F176) -> 526 | G93: =SUM(G100:G176) -> 0 | H93: =SUM(H100:H176) -> 0 | I93: =SUM(I100:I176) -> 0 | J93: =SUM(J100:J176) -> 0 | N93: =SUM(N100:N176) -> 0 | O93: =SUM(O100:O176) -> 0 | P93: =O93/F93 -> 0 | Q93: =F93-O93 -> 526 | R93: =1-N93/E93 -> 1 | S93: =E93-N93 -> 225654
V94: МАШИНА
A100: 2.1. | B100: Шасси подготовленное 58Е-ТВ.01.00.00 | C100: =H100/F100 -> 0 | D100: =E100/E$177 -> 0.064516129 | E100: =F100*429 -> 36036 | F100: 84 | G100: =октябрь!N100 -> 0 | H100: =октябрь!O100 -> 0 | I100: =E100/F100*J100 -> 0 | N100: =G100+SUM(I100:I106) -> 0 | O100: =H100+SUM(J100:J106) -> 0 | P100: =O100/F100 -> 0 | Q100: =F100-O100 -> 84 | R100: =1-N100/E100 -> 1 | S100: =E100-N100 -> 36036
I101: =E100/F100*J101 -> 0
I102: =E100/F100*J102 -> 0
I103: =E100/F100*J103 -> 0
I104: =E100/F100*J104 -> 0
I105: =E100/F100*J105 -> 0
I106: =E100/F100*J106 -> 0
A107: 2.2. | B107: Маслобак 58А-ТВ.12.10.00 (проверка, сборка, установка) | C107: =H107/F107 -> 0 | D107: =E107/E$177 -> 0.0076804916 | E107: =F107*429 -> 4290 | F107: 10 | G107: =октябрь!N107 -> 0 | H107: =октябрь!O107 -> 0 | I107: =E107/F107*J107 -> 0 | N107: =G107+SUM(I107:I113) -> 0 | O107: =H107+SUM(J107:J113) -> 0 | P107: =O107/F107 -> 0 | Q107: =F107-O107 -> 10 | R107: =1-N107/E107 -> 1 | S107: =E107-N107 -> 4290
I108: =E107/F107*J108 -> 0
I109: =E107/F107*J109 -> 0
I110: =E107/F107*J110 -> 0
I111: =E107/F107*J111 -> 0
I112: =E107/F107*J112 -> 0
I113: =E107/F107*J113 -> 0
A114: 2.3. | B114: Установка рамы опорной 58Е-ТВ.41.00.00 | C114: =H114/F114 -> 0 | D114: =E114/E$177 -> 0.013824885 | E114: =F114*429 -> 7722 | F114: 18 | G114: =октябрь!N114 -> 0 | H114: =октябрь!O114 -> 0 | I114: =E114/F114*J114 -> 0 | N114: =G114+SUM(I114:I120) -> 0 | O114: =H114+SUM(J114:J120) -> 0 | P114: =O114/F114 -> 0 | Q114: =F114-O114 -> 18 | R114: =1-N114/E114 -> 1 | S114: =E114-N114 -> 7722
...

Sheet декабрь
B1: ООО "ПК "Техинком-Центр"
A3: Наряд на оплату труда №_____ от "___" _______________20___г.
F4: Изделие : | H4: =C6 -> ПСС-131.22Э (С42А43) 58Е-ТВ Садко НЕКСТ
B6: Продукция: | C6: =июль!C6 -> ПСС-131.22Э (С42А43) 58Е-ТВ Садко НЕКСТ
B7: Подразделение: высотная техника
B8: Заводской номер: | C8: =июль!C8 -> №011
B9: Количество: | F9: 1 | G9: шт.
B10: Общий фонд по машине | F10: =E177 -> 558558 | G10: руб.
B11: Трудоемкость | F11: =F177 -> 1302 | G11: н/час
B12: Стоимость н/ч (руб) | F12: =E177/F177 -> 429 | G12: руб.
A14: № | B14: Наименование операции | C14: % выполнения операции на начало месяца | D14: Справочно % от суммы наряда | E14: Утвержденные расценки и н/ч | G14: Факт выполнения нарастающим итогом на 01.12.2024 | I14: Факт выполнения за ДЕКАБРЬ 2024 | K14: Исполнитель (ФИО) | N14: Отработано на 31.12.2024 | P14: % выполнения операции на конец месяца | Q14: Остаток на конец месяца н/ч | R14: Отклонение на конец месяца
A15: п/п | E15: расценка за операцию (руб.) | F15: нормо-час (н/ч) | G15: (руб.) | H15: (н/ч) | I15: Стоимость (руб.) | J15: факт выполнения (н/ч) | K15: з/плата (сделка) | L15: договор ГПХ | M15: подряд | N15: сумма (руб.) | O15: н/ч. | R15: % | S15: рубли
A16: 1 | B16: Сварка-сборка узлов | C16: =H16/F16 -> 0 | D16: =E16/E$177 -> 0.59600614 | E16: =SUM(E23:E92) -> 332904 | F16: =SUM(F23:F92) -> 776 | G16: =SUM(G23:G92) -> 0 | H16: =SUM(H23:H92) -> 0 | I16: =SUM(I23:I92) -> 0 | J16: =SUM(J23:J92) -> 0 | N16: =SUM(N23:N92) -> 0 | O16: =SUM(O23:O92) -> 0 | P16: =O16/F16 -> 0 | Q16: =F16-O16 -> 776 | R16: =1-N16/E16 -> 1 | S16: =E16-N16 -> 332904
A23: 1.1. | B23: Рама опорная 58Е-ТВ.40.00.00-02: 58Е-ТВ.40.01.00 Балка/58Е-ТВ.40.01.00-01 Балка 58Е-ТВ.40.02.00 Балка задних опор 58Е-ТВ.40.03.00-01 Опора 58Б-ТВ.40.12.00 Кронштейн 58Г-ТВ.40.00.40 Кронштейн ручного насоса 58Б-ТВ.00.10.00 Кронштейн 58Б-ТВ.40.12.00 Кронштейн 58Д-ТВ.40.02.10 Кронштейн/58Д-ТВ.40.02.10-01 Кронштейн | C23: =H23/F23 -> 0 | E23: =F23*429 -> 46332 | F23: 108 | G23: =ноябрь!N23 -> 0 | H23: =ноябрь!O23 -> 0 | I23: =E23/F23*J23 -> 0 | N23: =G23+SUM(I23:I29) -> 0 | O23: =H23+SUM(J23:J29) -> 0 | P23: =O23/F23 -> 0 | Q23: =F23-O23 -> 108 | R23: =1-N23/E23 -> 1 | S23: =E23-N23 -> 46332
I24: =E23/F23*J24 -> 0
I25: =E23/F23*J25 -> 0
I26: =E23/F23*J26 -> 0
I27: =E23/F23*J27 -> 0
I28: =E23/F23*J28 -> 0
I29: =E23/F23*J29 -> 0
A30: 1.2. | B30: Аутригеры 58Е-ТВ.42.00.00: 58Е-ТВ.40.06.00 Кронштейн 58Е-ТВ.40.08.00 Опора 58Е-ТВ.42.01.00 Балка передняя 58Е-ТВ.42.02.00 Балка задняя 58Е-ТВ.40.05.00 Кронштейн | C30: =H30/F30 -> 0 | E30: =F30*429 -> 41184 | F30: 96 | G30: =ноябрь!N30 -> 0 | H30: =ноябрь!O30 -> 0 | I30: =E30/F30*J30 -> 0 | N30: =G30+SUM(I30:I36) -> 0 | O30: =H30+SUM(J30:J36) -> 0 | P30: =O30/F30 -> 0 | Q30: =F30-O30 -> 96 | R30: =1-N30/E30 -> 1 | S30: =E30-N30 -> 41184
I31: =E30/F30*J31 -> 0
I32: =E30/F30*J32 -> 0
I33: =E30/F30*J33 -> 0
I34: =E30/F30*J34 -> 0
I35: =E30/F30*J35 -> 0
I36: =E30/F30*J36 -> 0
A37: 1.3. | B37: Элементы: /Пульт оператора 58Е-ТВ.10.20.00, /Бампер 58Е-ТВ.28.110.00 /Ящики задние 58Е-ТВ.28.10.00_58Е-ТВ.28.20.00 /площадка оператора 58Е-ТВ.10.25.00 /кронштейн сидения оператора 58Е-ТВ.28.30.10 /крылья 58Е-ТВ.01.50.00 /колпаки 58Е-ТВ.10.100.00 /стойка 58Е-ТВ.28.40.00 /маслобак 58А-ТВ.12.10.00 /кронштейн транспортного положения стрелы 58Е-ТВ.50.40.74-84 (6 поз.) /кронштейны под элементы гидравлики в поворотной колонне, раме, /Лестница 58Е-ТВ.28.70.00 (боковые ступени) | C37: =H37/F37 -> 0 | E37: =F37*429 -> 71214 | F37: 166 | G37: =ноябрь!N37 -> 0 | H37: =ноябрь!O37 -> 0 | I37: =E37/F37*J37 -> 0 | N37: =G37+SUM(I37:I43) -> 0 | O37: =H37+SUM(J37:J43) -> 0 | P37: =O37/F37 -> 0 | Q37: =F37-O37 -> 166 | R37: =1-N37/E37 -> 1 | S37: =E37-N37 -> 71214
I38: =E37/F37*J38 -> 0
I39: =E37/F37*J39 -> 0
I40: =E37/F37*J40 -> 0
I41: =E37/F37*J41 -> 0
I42: =E37/F37*J42 -> 0
I43: =E37/F37*J43 -> 0
A44: 1.4. | B44: Поворотная колонна 58Е-ТВ.46.01.00: 58Д-ТВ.45.10.20 Кронштейн 58Е-ТВ.46.01.10 Балка 58Е-ТВ.46.10.10 Боковина правая 58Е-ТВ.46.10.10-01 Боковина левая | C44: =H44/F44 -> 0 | D44: =E44/E$177 -> 0.052227343 | E44: =F44*429 -> 29172 | F44: 68 | G44: =ноябрь!N44 -> 0 | H44: =ноябрь!O44 -> 0 | I44: =E44/F44*J44 -> 0 | N44: =G44+SUM(I44:I50) -> 0 | O44: =H44+SUM(J44:J50) -> 0 | P44: =O44/F44 -> 0 | Q44: =F44-O44 -> 68 | R44: =1-N44/E44 -> 1 | S44: =E44-N44 -> 29172
I45: =E44/F44*J45 -> 0
I46: =E44/F44*J46 -> 0
I47: =E44/F44*J47 -> 0
I48: =E44/F44*J48 -> 0
I49: =E44/F44*J49 -> 0
I50: =E44/F44*J50 -> 0
A51: 1.5. | B51: Колено 1 58Е-ТВ.50.10.10 | C51: =H51/F51 -> 0 | D51: =E51/E$177 -> 0.05453149 | E51: =F51*429 -> 30459 | F51: =68+3 -> 71 | G51: =ноябрь!N51 -> 0 | H51: =ноябрь!O51 -> 0 | I51: =E51/F51*J51 -> 0 | N51: =G51+SUM(I51:I57) -> 0 | O51: =H51+SUM(J51:J57) -> 0 | P51: =O51/F51 -> 0 | Q51: =F51-O51 -> 71 | R51: =1-N51/E51 -> 1 | S51: =E51-N51 -> 30459
I52: =E51/F51*J52 -> 0
I53: =E51/F51*J53 -> 0
I54: =E51/F51*J54 -> 0
I55: =E51/F51*J55 -> 0
I56: =E51/F51*J56 -> 0
I57: =E51/F51*J57 -> 0
A58: 1.6. | B58: Колено 2 58Е-ТВ.50.20.20 | C58: =H58/F58 -> 0 | D58: =E58/E$177 -> 0.05453149 | E58: =F58*429 -> 30459 | F58: =68+3 -> 71 | G58: =ноябрь!N58 -> 0 | H58: =ноябрь!O58 -> 0 | I58: =E58/F58*J58 -> 0 | N58: =G58+SUM(I58:I64) -> 0 | O58: =H58+SUM(J58:J64) -> 0 | P58: =O58/F58 -> 0 | Q58: =F58-O58 -> 71 | R58: =1-N58/E58 -> 1 | S58: =E58-N58 -> 30459
I59: =E58/F58*J59 -> 0
I60: =E58/F58*J60 -> 0
I61: =E58/F58*J61 -> 0
I62: =E58/F58*J62 -> 0
I63: =E58/F58*J63 -> 0
I64: =E58/F58*J64 -> 0
A65: 1.7. | B65: Колено 3 58Е-ТВ.50.30.30 | C65: =H65/F65 -> 0 | D65: =E65/E$177 -> 0.05453149 | E65: =F65*429 -> 30459 | F65: =68+3 -> 71 | G65: =ноябрь!N65 -> 0 | H65: =ноябрь!O65 -> 0 | I65: =E65/F65*J65 -> 0 | N65: =G65+SUM(I65:I71) -> 0 | O65: =H65+SUM(J65:J71) -> 0 | P65: =O65/F65 -> 0 | Q65: =F65-O65 -> 71 | R65: =1-N65/E65 -> 1 | S65: =E65-N65 -> 30459
I66: =E65/F65*J66 -> 0
I67: =E65/F65*J67 -> 0
I68: =E65/F65*J68 -> 0
I69: =E65/F65*J69 -> 0
I70: =E65/F65*J70 -> 0
I71: =E65/F65*J71 -> 0
A72: 1.8. | B72: Колено 4 58Е-ТВ.50.40.40 | C72: =H72/F72 -> 0 | D72: =E72/E$177 -> 0.062211982 | E72: =F72*429 -> 34749 | F72: =78+3 -> 81 | G72: =ноябрь!N72 -> 0 | H72: =ноябрь!O72 -> 0 | I72: =E72/F72*J72 -> 0 | N72: =G72+SUM(I72:I78) -> 0 | O72: =H72+SUM(J72:J78) -> 0 | P72: =O72/F72 -> 0 | Q72: =F72-O72 -> 81 | R72: =1-N72/E72 -> 1 | S72: =E72-N72 -> 34749
I73: =E72/F72*J73 -> 0
I74: =E72/F72*J74 -> 0
I75: =E72/F72*J75 -> 0
I76: =E72/F72*J76 -> 0
I77: =E72/F72*J77 -> 0
I78: =E72/F72*J78 -> 0
A79: 1.9. | B79: Перекатное устройство (Установка перекатного устройства 58Е-ТВ.32.00.00): 58Е-ТВ.32.10.00 Желоб 58Е-ТВ.32.11.00 Желоб 58Е-ТВ.32.25.00/32.30.00/32.80.00 Кронштейны | C79: =H79/F79 -> 0 | D79: =E79/E$177 -> 0.012288786 | E79: =F79*429 -> 6864 | F79: 16 | G79: =ноябрь!N79 -> 0 | H79: =ноябрь!O79 -> 0 | I79: =E79/F79*J79 -> 0 | N79: =G79+SUM(I79:I85) -> 0 | O79: =H79+SUM(J79:J85) -> 0 | P79: =O79/F79 -> 0 | Q79: =F79-O79 -> 16 | R79: =1-N79/E79 -> 1 | S79: =E79-N79 -> 6864
I80: =E79/F79*J80 -> 0
I81: =E79/F79*J81 -> 0
I82: =E79/F79*J82 -> 0
I83: =E79/F79*J83 -> 0
I84: =E79/F79*J84 -> 0
I85: =E79/F79*J85 -> 0
A86: 1.10. | B86: Кронштейны люльки 2 шт. (Кронштейн навески 58Е-ТВ.25.10.10, Кронштейн поворота 58Е-ТВ.25.15.00) | C86: =H86/F86 -> 0 | D86: =E86/E$177 -> 0.021505376 | E86: =F86*429 -> 12012 | F86: 28 | G86: =ноябрь!N86 -> 0 | H86: =ноябрь!O86 -> 0 | I86: =E86/F86*J86 -> 0 | N86: =G86+SUM(I86:I92) -> 0 | O86: =H86+SUM(J86:J92) -> 0 | P86: =O86/F86 -> 0 | Q86: =F86-O86 -> 28 | R86: =1-N86/E86 -> 1 | S86: =E86-N86 -> 12012
I87: =E86/F86*J87 -> 0
I88: =E86/F86*J88 -> 0
I89: =E86/F86*J89 -> 0
I90: =E86/F86*J90 -> 0
I91: =E86/F86*J91 -> 0
I92: =E86/F86*J92 -> 0
A93: 2 | B93: Сборка машины | C93: =H93/F93 -> 0 | D93: =E93/E$177 -> 0.40399386 | E93: =SUM(E100:E176) -> 225654 | F93: =SUM(F100:F176) -> 526 | G93: =SUM(G100:G176) -> 0 | H93: =SUM(H100:H176) -> 0 | I93: =SUM(I100:I176) -> 0 | J93: =SUM(J100:J176) -> 0 | N93: =SUM(N100:N176) -> 0 | O93: =SUM(O100:O176) -> 0 | P93: =O93/F93 -> 0 | Q93: =F93-O93 -> 526 | R93: =1-N93/E93 -> 1 | S93: =E93-N93 -> 225654
V94: МАШИНА
A100: 2.1. | B100: Шасси подготовленное 58Е-ТВ.01.00.00 | C100: =H100/F100 -> 0 | D100: =E100/E$177 -> 0.064516129 | E100: =F100*429 -> 36036 | F100: 84 | G100: =ноябрь!N100 -> 0 | H100: =ноябрь!O100 -> 0 | I100: =E100/F100*J100 -> 0 | N100: =G100+SUM(I100:I106) -> 0 | O100: =H100+SUM(J100:J106) -> 0 | P100: =O100/F100 -> 0 | Q100: =F100-O100 -> 84 | R100: =1-N100/E100 -> 1 | S100: =E100-N100 -> 36036
I101: =E100/F100*J101 -> 0
I102: =E100/F100*J102 -> 0
I103: =E100/F100*J103 -> 0
I104: =E100/F100*J104 -> 0
I105: =E100/F100*J105 -> 0
I106: =E100/F100*J106 -> 0
A107: 2.2. | B107: Маслобак 58А-ТВ.12.10.00 (проверка, сборка, установка) | C107: =H107/F107 -> 0 | D107: =E107/E$177 -> 0.0076804916 | E107: =F107*429 -> 4290 | F107: 10 | G107: =ноябрь!N107 -> 0 | H107: =ноябрь!O107 -> 0 | I107: =E107/F107*J107 -> 0 | N107: =G107+SUM(I107:I113) -> 0 | O107: =H107+SUM(J107:J113) -> 0 | P107: =O107/F107 -> 0 | Q107: =F107-O107 -> 10 | R107: =1-N107/E107 -> 1 | S107: =E107-N107 -> 4290
I108: =E107/F107*J108 -> 0
I109: =E107/F107*J109 -> 0
I110: =E107/F107*J110 -> 0
I111: =E107/F107*J111 -> 0
I112: =E107/F107*J112 -> 0
I113: =E107/F107*J113 -> 0
A114: 2.3. | B114: Установка рамы опорной 58Е-ТВ.41.00.00 | C114: =H114/F114 -> 0 | D114: =E114/E$177 -> 0.013824885 | E114: =F114*429 -> 7722 | F114: 18 | G114: =ноябрь!N114 -> 0 | H114: =ноябрь!O114 -> 0 | I114: =E114/F114*J114 -> 0 | N114: =G114+SUM(I114:I120) -> 0 | O114: =H114+SUM(J114:J120) -> 0 | P114: =O114/F114 -> 0 | Q114: =F114-O114 -> 18 | R114: =1-N114/E114 -> 1 | S114: =E114-N114 -> 7722
...
